cdate,land_wa
2015-01-01,133.57
2015-01-02,143.66
2015-01-03,137.51
2015-01-04,135.72
2015-01-05,141.39
2015-01-06,143.2
2015-01-07,142.37
2015-01-08,142.13
2015-01-09,141.97
2015-01-10,139.9
2015-01-11,135.71
2015-01-12,142.75
2015-01-13,142.13
2015-01-14,142.98
2015-01-15,142.68
2015-01-16,143.16
2015-01-17,137.92
2015-01-18,134.4
2015-01-19,141.89
2015-01-20,142.05
2015-01-21,142.08
2015-01-22,141.58
2015-01-23,141.56
2015-01-24,136.05
2015-01-25,133.9
2015-01-26,141.33
2015-01-27,142.76
2015-01-28,141.6
2015-01-29,142.06
2015-01-30,141.99
2015-01-31,139.0
2015-02-01,122.25
2015-02-02,127.89
2015-02-03,128.17
2015-02-04,128.87
2015-02-05,128.68
2015-02-06,128.53
2015-02-07,126.71
2015-02-08,124.37
2015-02-09,129.3
2015-02-10,127.81
2015-02-11,128.99
2015-02-12,129.23
2015-02-13,128.67
2015-02-14,125.77
2015-02-15,121.6
2015-02-16,126.6
2015-02-17,125.15
2015-02-18,89.4
2015-02-19,63.4
2015-02-20,62.26
2015-02-21,78.76
2015-02-22,118.69
2015-02-23,127.85
2015-02-24,128.22
2015-02-25,128.0
2015-02-26,127.82
2015-02-27,127.01
2015-02-28,122.75
2015-03-01,114.42
2015-03-02,118.8
2015-03-03,118.72
2015-03-04,121.06
2015-03-05,120.27
2015-03-06,121.03
2015-03-07,119.96
2015-03-08,116.0
2015-03-09,120.98
2015-03-10,122.03
2015-03-11,120.52
2015-03-12,121.11
2015-03-13,121.59
2015-03-14,119.89
2015-03-15,115.96
2015-03-16,119.99
2015-03-17,119.05
2015-03-18,119.54
2015-03-19,118.23
2015-03-20,118.52
2015-03-21,114.56
2015-03-22,113.03
2015-03-23,118.21
2015-03-24,117.95
2015-03-25,117.21
2015-03-26,116.98
2015-03-27,117.56
2015-03-28,115.23
2015-03-29,112.67
2015-03-30,116.52
2015-03-31,116.19
2015-04-01,103.76
2015-04-02,104.27
2015-04-03,104.49
2015-04-04,103.28
2015-04-05,100.49
2015-04-06,104.78
2015-04-07,105.12
2015-04-08,105.29
2015-04-09,106.04
2015-04-10,105.74
2015-04-11,105.28
2015-04-12,102.29
2015-04-13,105.14
2015-04-14,104.57
2015-04-15,103.67
2015-04-16,103.28
2015-04-17,103.06
2015-04-18,102.05
2015-04-19,100.13
2015-04-20,103.49
2015-04-21,103.94
2015-04-22,103.69
2015-04-23,103.43
2015-04-24,103.42
2015-04-25,100.43
2015-04-26,98.2
2015-04-27,101.72
2015-04-28,102.88
2015-04-29,102.99
2015-04-30,103.63
2015-05-01,93.79
2015-05-02,93.38
2015-05-03,91.76
2015-05-04,96.14
2015-05-05,93.49
2015-05-06,96.94
2015-05-07,97.28
2015-05-08,96.94
2015-05-09,96.18
2015-05-10,92.26
2015-05-11,96.73
2015-05-12,96.5
2015-05-13,97.89
2015-05-14,99.29
2015-05-15,96.98
2015-05-16,98.41
2015-05-17,92.95
2015-05-18,97.73
2015-05-19,97.37
2015-05-20,97.58
2015-05-21,97.18
2015-05-22,97.8
2015-05-23,98.26
2015-05-24,93.92
2015-05-25,94.17
2015-05-26,94.35
2015-05-27,99.25
2015-05-28,99.12
2015-05-29,99.81
2015-05-30,95.03
2015-05-31,92.69
2015-06-01,84.93
2015-06-02,86.76
2015-06-03,86.85
2015-06-04,86.63
2015-06-05,86.97
2015-06-06,85.27
2015-06-07,81.62
2015-06-08,81.25
2015-06-09,86.46
2015-06-10,86.33
2015-06-11,86.19
2015-06-12,86.39
2015-06-13,85.42
2015-06-14,75.2
2015-06-15,79.02
2015-06-16,86.4
2015-06-17,86.31
2015-06-18,86.58
2015-06-19,86.66
2015-06-20,86.27
2015-06-21,82.76
2015-06-22,80.26
2015-06-23,86.07
2015-06-24,86.36
2015-06-25,86.14
2015-06-26,85.38
2015-06-27,83.93
2015-06-28,69.19
2015-06-29,76.95
2015-06-30,84.85
2015-07-01,85.0
2015-07-02,84.94
2015-07-03,82.29
2015-07-04,81.01
2015-07-05,68.76
2015-07-06,74.74
2015-07-07,83.2
2015-07-08,83.75
2015-07-09,82.19
2015-07-10,84.14
2015-07-11,80.05
2015-07-12,64.91
2015-07-13,75.11
2015-07-14,85.55
2015-07-15,84.64
2015-07-16,82.79
2015-07-17,84.55
2015-07-18,83.66
2015-07-19,71.48
2015-07-20,76.24
2015-07-21,83.63
2015-07-22,85.61
2015-07-23,86.03
2015-07-24,86.13
2015-07-25,80.99
2015-07-26,71.1
2015-07-27,79.2
2015-07-28,86.23
2015-07-29,86.11
2015-07-30,86.57
2015-07-31,86.74
2015-08-01,88.18
2015-08-02,76.08
2015-08-03,77.95
2015-08-04,79.48
2015-08-05,83.19
2015-08-06,86.94
2015-08-07,90.48
2015-08-08,90.59
2015-08-09,78.97
2015-08-10,84.23
2015-08-11,90.91
2015-08-12,90.86
2015-08-13,91.0
2015-08-14,89.6
2015-08-15,90.23
2015-08-16,89.0
2015-08-17,91.11
2015-08-18,91.42
2015-08-19,91.0
2015-08-20,91.35
2015-08-21,91.25
2015-08-22,92.04
2015-08-23,89.57
2015-08-24,89.49
2015-08-25,90.11
2015-08-26,89.91
2015-08-27,90.19
2015-08-28,89.63
2015-08-29,91.03
2015-08-30,87.91
2015-08-31,84.7
2015-09-01,95.36
2015-09-02,95.57
2015-09-03,95.84
2015-09-04,95.74
2015-09-05,97.19
2015-09-06,95.23
2015-09-07,96.56
2015-09-08,95.72
2015-09-09,95.84
2015-09-10,96.18
2015-09-11,96.18
2015-09-12,99.6
2015-09-13,94.65
2015-09-14,95.57
2015-09-15,95.73
2015-09-16,95.16
2015-09-17,94.99
2015-09-18,95.02
2015-09-19,95.28
2015-09-20,92.2
2015-09-21,88.61
2015-09-22,95.05
2015-09-23,94.91
2015-09-24,95.32
2015-09-25,93.14
2015-09-26,53.7
2015-09-27,38.28
2015-09-28,47.01
2015-09-29,74.59
2015-09-30,85.73
2015-10-01,98.52
2015-10-02,99.67
2015-10-03,99.59
2015-10-04,93.83
2015-10-05,92.49
2015-10-06,99.32
2015-10-07,98.22
2015-10-08,98.55
2015-10-09,97.38
2015-10-10,99.23
2015-10-11,96.0
2015-10-12,99.39
2015-10-13,101.81
2015-10-14,99.57
2015-10-15,101.14
2015-10-16,101.39
2015-10-17,100.97
2015-10-18,94.51
2015-10-19,100.18
2015-10-20,99.07
2015-10-21,99.02
2015-10-22,101.43
2015-10-23,98.65
2015-10-24,96.22
2015-10-25,95.19
2015-10-26,98.16
2015-10-27,98.12
2015-10-28,97.13
2015-10-29,96.53
2015-10-30,97.71
2015-10-31,95.84
2015-11-01,85.33
2015-11-02,89.88
2015-11-03,94.71
2015-11-04,94.75
2015-11-05,95.02
2015-11-06,95.48
2015-11-07,99.42
2015-11-08,90.55
2015-11-09,93.89
2015-11-10,98.1
2015-11-11,96.67
2015-11-12,97.29
2015-11-13,101.18
2015-11-14,91.79
2015-11-15,91.66
2015-11-16,91.36
2015-11-17,95.54
2015-11-18,95.97
2015-11-19,95.77
2015-11-20,95.89
2015-11-21,93.81
2015-11-22,91.49
2015-11-23,91.18
2015-11-24,102.23
2015-11-25,98.06
2015-11-26,95.39
2015-11-27,96.48
2015-11-28,99.12
2015-11-29,92.86
2015-11-30,91.33
2015-12-01,97.72
2015-12-02,96.4
2015-12-03,95.87
2015-12-04,97.37
2015-12-05,98.67
2015-12-06,93.2
2015-12-07,97.57
2015-12-08,96.58
2015-12-09,96.85
2015-12-10,96.78
2015-12-11,96.01
2015-12-12,94.27
2015-12-13,92.6
2015-12-14,95.91
2015-12-15,95.83
2015-12-16,100.17
2015-12-17,97.5
2015-12-18,95.75
2015-12-19,93.83
2015-12-20,92.51
2015-12-21,95.8
2015-12-22,95.82
2015-12-23,95.84
2015-12-24,95.09
2015-12-25,93.2
2015-12-26,92.73
2015-12-27,83.66
2015-12-28,93.18
2015-12-29,95.97
2015-12-30,97.75
2015-12-31,93.59
2016-01-01,70.81
2016-01-02,75.07
2016-01-03,77.71
2016-01-04,89.15
2016-01-05,90.04
2016-01-06,90.46
2016-01-07,91.53
2016-01-08,90.42
2016-01-09,88.21
2016-01-10,86.48
2016-01-11,90.1
2016-01-12,97.34
2016-01-13,90.28
2016-01-14,93.51
2016-01-15,92.65
2016-01-16,89.85
2016-01-17,87.72
2016-01-18,93.06
2016-01-19,92.08
2016-01-20,92.63
2016-01-21,97.01
2016-01-22,92.28
2016-01-23,92.81
2016-01-24,88.74
2016-01-25,97.73
2016-01-26,92.46
2016-01-27,97.42
2016-01-28,93.16
2016-01-29,98.06
2016-01-30,90.01
2016-01-31,87.81
2016-02-01,92.09
2016-02-02,91.79
2016-02-03,91.09
2016-02-04,92.14
2016-02-05,89.68
2016-02-06,88.64
2016-02-07,78.3
2016-02-08,59.32
2016-02-09,53.4
2016-02-10,73.02
2016-02-11,86.15
2016-02-12,90.81
2016-02-13,90.12
2016-02-14,88.89
2016-02-15,91.64
2016-02-16,91.74
2016-02-17,90.63
2016-02-18,91.28
2016-02-19,89.24
2016-02-20,89.19
2016-02-21,86.67
2016-02-22,90.62
2016-02-23,89.8
2016-02-24,91.49
2016-02-25,89.92
2016-02-26,91.01
2016-02-27,88.53
2016-02-28,87.73
2016-02-29,90.87
2016-03-01,86.77
2016-03-02,89.58
2016-03-03,88.85
2016-03-04,89.19
2016-03-05,89.13
2016-03-06,86.34
2016-03-07,89.16
2016-03-08,89.39
2016-03-09,88.7
2016-03-10,89.02
2016-03-11,89.6
2016-03-12,89.08
2016-03-13,85.92
2016-03-14,87.6
2016-03-15,87.53
2016-03-16,87.39
2016-03-17,87.57
2016-03-18,87.11
2016-03-19,84.61
2016-03-20,83.61
2016-03-21,88.85
2016-03-22,87.29
2016-03-23,86.98
2016-03-24,87.08
2016-03-25,86.93
2016-03-26,84.59
2016-03-27,82.82
2016-03-28,84.12
2016-03-29,86.59
2016-03-30,86.52
2016-03-31,86.57
2016-04-01,75.76
2016-04-02,74.07
2016-04-03,78.68
2016-04-04,80.07
2016-04-05,75.46
2016-04-06,78.28
2016-04-07,80.26
2016-04-08,76.72
2016-04-09,74.94
2016-04-10,75.59
2016-04-11,76.12
2016-04-12,78.95
2016-04-13,76.09
2016-04-14,74.99
2016-04-15,74.91
2016-04-16,74.14
2016-04-17,76.03
2016-04-18,73.66
2016-04-19,75.56
2016-04-20,75.55
2016-04-21,75.45
2016-04-22,77.43
2016-04-23,73.88
2016-04-24,58.28
2016-04-25,71.62
2016-04-26,76.38
2016-04-27,75.51
2016-04-28,75.18
2016-04-29,74.94
2016-04-30,73.03
2016-05-01,57.23
2016-05-02,64.64
2016-05-03,69.25
2016-05-04,69.32
2016-05-05,66.74
2016-05-06,67.79
2016-05-07,67.79
2016-05-08,61.51
2016-05-09,66.41
2016-05-10,69.56
2016-05-11,69.97
2016-05-12,69.19
2016-05-13,69.56
2016-05-14,70.92
2016-05-15,66.45
2016-05-16,68.07
2016-05-17,70.62
2016-05-18,70.91
2016-05-19,71.2
2016-05-20,71.3
2016-05-21,70.0
2016-05-22,66.89
2016-05-23,68.96
2016-05-24,70.36
2016-05-25,70.84
2016-05-26,70.57
2016-05-27,71.09
2016-05-28,71.11
2016-05-29,67.12
2016-05-30,69.08
2016-05-31,71.1
2016-06-01,65.21
2016-06-02,65.1
2016-06-03,64.82
2016-06-04,65.05
2016-06-05,62.46
2016-06-06,64.52
2016-06-07,63.11
2016-06-08,65.18
2016-06-09,65.18
2016-06-10,65.71
2016-06-11,65.07
2016-06-12,63.12
2016-06-13,63.37
2016-06-14,65.51
2016-06-15,65.45
2016-06-16,65.7
2016-06-17,65.25
2016-06-18,66.4
2016-06-19,63.82
2016-06-20,63.31
2016-06-21,66.07
2016-06-22,66.58
2016-06-23,66.72
2016-06-24,66.37
2016-06-25,66.59
2016-06-26,64.86
2016-06-27,65.56
2016-06-28,65.67
2016-06-29,65.67
2016-06-30,65.78
2016-07-01,67.8
2016-07-02,66.94
2016-07-03,65.04
2016-07-04,64.32
2016-07-05,67.18
2016-07-06,66.79
2016-07-07,67.66
2016-07-08,68.01
2016-07-09,68.33
2016-07-10,63.33
2016-07-11,63.01
2016-07-12,67.33
2016-07-13,67.93
2016-07-14,67.89
2016-07-15,67.88
2016-07-16,67.69
2016-07-17,62.83
2016-07-18,63.65
2016-07-19,67.97
2016-07-20,66.75
2016-07-21,66.99
2016-07-22,67.63
2016-07-23,67.47
2016-07-24,63.58
2016-07-25,63.84
2016-07-26,68.28
2016-07-27,68.31
2016-07-28,68.92
2016-07-29,68.93
2016-07-30,68.78
2016-07-31,67.58
2016-08-01,67.49
2016-08-02,68.38
2016-08-03,69.11
2016-08-04,69.82
2016-08-05,70.97
2016-08-06,73.68
2016-08-07,70.86
2016-08-08,68.72
2016-08-09,71.31
2016-08-10,74.58
2016-08-11,74.03
2016-08-12,75.49
2016-08-13,70.66
2016-08-14,69.82
2016-08-15,72.19
2016-08-16,74.14
2016-08-17,74.55
2016-08-18,73.54
2016-08-19,73.35
2016-08-20,70.86
2016-08-21,70.12
2016-08-22,73.62
2016-08-23,72.28
2016-08-24,72.92
2016-08-25,71.36
2016-08-26,70.77
2016-08-27,70.17
2016-08-28,68.58
2016-08-29,70.53
2016-08-30,68.7
2016-08-31,68.48
2016-09-01,71.33
2016-09-02,71.16
2016-09-03,73.89
2016-09-04,73.54
2016-09-05,73.4
2016-09-06,73.19
2016-09-07,73.54
2016-09-08,73.28
2016-09-09,73.52
2016-09-10,72.56
2016-09-11,71.21
2016-09-12,72.17
2016-09-13,71.56
2016-09-14,68.48
2016-09-15,37.55
2016-09-16,61.03
2016-09-17,66.93
2016-09-18,71.84
2016-09-19,73.93
2016-09-20,72.41
2016-09-21,71.69
2016-09-22,72.42
2016-09-23,71.95
2016-09-24,74.6
2016-09-25,72.62
2016-09-26,73.08
2016-09-27,73.75
2016-09-28,73.18
2016-09-29,73.2
2016-09-30,72.53
2016-10-01,74.48
2016-10-02,72.13
2016-10-03,73.77
2016-10-04,74.19
2016-10-05,73.97
2016-10-06,74.14
2016-10-07,74.24
2016-10-08,73.83
2016-10-09,72.57
2016-10-10,73.72
2016-10-11,73.83
2016-10-12,73.83
2016-10-13,73.65
2016-10-14,72.94
2016-10-15,73.46
2016-10-16,72.66
2016-10-17,73.54
2016-10-18,73.16
2016-10-19,73.01
2016-10-20,73.15
2016-10-21,73.64
2016-10-22,74.09
2016-10-23,71.81
2016-10-24,73.4
2016-10-25,72.91
2016-10-26,72.31
2016-10-27,72.59
2016-10-28,72.72
2016-10-29,72.51
2016-10-30,72.12
2016-10-31,72.35
2016-11-01,74.13
2016-11-02,74.48
2016-11-03,73.78
2016-11-04,74.84
2016-11-05,74.22
2016-11-06,72.23
2016-11-07,74.48
2016-11-08,75.04
2016-11-09,75.54
2016-11-10,75.76
2016-11-11,75.87
2016-11-12,74.63
2016-11-13,72.3
2016-11-14,75.17
2016-11-15,75.35
2016-11-16,74.63
2016-11-17,74.44
2016-11-18,74.5
2016-11-19,73.27
2016-11-20,71.75
2016-11-21,74.1
2016-11-22,75.51
2016-11-23,74.87
2016-11-24,75.67
2016-11-25,75.65
2016-11-26,76.3
2016-11-27,74.22
2016-11-28,76.03
2016-11-29,77.06
2016-11-30,77.03
2016-12-01,88.23
2016-12-02,87.81
2016-12-03,86.3
2016-12-04,84.99
2016-12-05,88.18
2016-12-06,87.83
2016-12-07,87.7
2016-12-08,87.29
2016-12-09,87.07
2016-12-10,86.5
2016-12-11,85.27
2016-12-12,87.41
2016-12-13,87.28
2016-12-14,87.92
2016-12-15,88.36
2016-12-16,87.99
2016-12-17,86.29
2016-12-18,84.83
2016-12-19,87.06
2016-12-20,88.16
2016-12-21,86.8
2016-12-22,87.01
2016-12-23,86.94
2016-12-24,83.65
2016-12-25,82.87
2016-12-26,85.24
2016-12-27,87.03
2016-12-28,87.39
2016-12-29,87.24
2016-12-30,86.81
2016-12-31,84.05
2017-01-01,76.26
2017-01-02,87.67
2017-01-03,87.82
2017-01-04,87.67
2017-01-05,87.32
2017-01-06,87.5
2017-01-07,85.48
2017-01-08,83.91
2017-01-09,87.4
2017-01-10,87.91
2017-01-11,87.89
2017-01-12,88.1
2017-01-13,88.52
2017-01-14,85.85
2017-01-15,84.68
2017-01-16,88.43
2017-01-17,88.44
2017-01-18,88.65
2017-01-19,89.62
2017-01-20,89.67
2017-01-21,87.27
2017-01-22,85.95
2017-01-23,89.78
2017-01-24,89.18
2017-01-25,88.71
2017-01-26,87.75
2017-01-27,84.06
2017-01-28,67.97
2017-01-29,63.07
2017-01-30,82.31
2017-01-31,87.79
2017-02-01,92.59
2017-02-02,91.89
2017-02-03,91.76
2017-02-04,89.73
2017-02-05,87.79
2017-02-06,92.0
2017-02-07,91.32
2017-02-08,91.03
2017-02-09,91.77
2017-02-10,91.85
2017-02-11,89.72
2017-02-12,87.59
2017-02-13,91.57
2017-02-14,91.27
2017-02-15,91.26
2017-02-16,90.94
2017-02-17,91.39
2017-02-18,90.12
2017-02-19,88.08
2017-02-20,91.91
2017-02-21,91.24
2017-02-22,91.11
2017-02-23,91.13
2017-02-24,91.33
2017-02-25,88.9
2017-02-26,87.31
2017-02-27,91.1
2017-02-28,90.94
2017-03-01,91.97
2017-03-02,92.64
2017-03-03,92.49
2017-03-04,90.47
2017-03-05,89.03
2017-03-06,91.71
2017-03-07,92.79
2017-03-08,92.55
2017-03-09,92.54
2017-03-10,92.87
2017-03-11,91.45
2017-03-12,89.49
2017-03-13,93.32
2017-03-14,93.35
2017-03-15,92.61
2017-03-16,92.46
2017-03-17,92.4
2017-03-18,89.88
2017-03-19,88.17
2017-03-20,91.41
2017-03-21,91.98
2017-03-22,92.55
2017-03-23,91.97
2017-03-24,91.91
2017-03-25,90.16
2017-03-26,86.92
2017-03-27,90.76
2017-03-28,92.24
2017-03-29,92.5
2017-03-30,92.49
2017-03-31,92.03
2017-04-01,75.77
2017-04-02,73.0
2017-04-03,77.4
2017-04-04,76.65
2017-04-05,77.05
2017-04-06,76.32
2017-04-07,75.92
2017-04-08,74.54
2017-04-09,67.82
2017-04-10,73.95
2017-04-11,75.96
2017-04-12,75.82
2017-04-13,76.28
2017-04-14,76.33
2017-04-15,74.31
2017-04-16,69.07
2017-04-17,75.8
2017-04-18,76.86
2017-04-19,76.79
2017-04-20,76.48
2017-04-21,76.23
2017-04-22,74.15
2017-04-23,66.83
2017-04-24,76.21
2017-04-25,75.68
2017-04-26,76.08
2017-04-27,76.92
2017-04-28,76.41
2017-04-29,74.35
2017-04-30,65.41
2017-05-01,71.46
2017-05-02,80.14
2017-05-03,76.36
2017-05-04,82.84
2017-05-05,74.72
2017-05-06,74.32
2017-05-07,64.63
2017-05-08,79.92
2017-05-09,81.21
2017-05-10,79.42
2017-05-11,83.23
2017-05-12,83.23
2017-05-13,81.52
2017-05-14,63.32
2017-05-15,79.13
2017-05-16,82.93
2017-05-17,82.72
2017-05-18,82.67
2017-05-19,83.24
2017-05-20,81.19
2017-05-21,67.56
2017-05-22,78.03
2017-05-23,81.64
2017-05-24,81.84
2017-05-25,81.35
2017-05-26,81.64
2017-05-27,77.46
2017-05-28,65.64
2017-05-29,78.29
2017-05-30,83.22
2017-05-31,83.96
2017-06-01,85.73
2017-06-02,84.44
2017-06-03,82.59
2017-06-04,79.38
2017-06-05,81.29
2017-06-06,82.58
2017-06-07,80.47
2017-06-08,84.11
2017-06-09,84.29
2017-06-10,81.85
2017-06-11,72.93
2017-06-12,79.64
2017-06-13,82.91
2017-06-14,82.62
2017-06-15,83.82
2017-06-16,83.5
2017-06-17,83.46
2017-06-18,79.1
2017-06-19,83.25
2017-06-20,84.84
2017-06-21,84.47
2017-06-22,84.39
2017-06-23,84.25
2017-06-24,80.97
2017-06-25,72.7
2017-06-26,77.89
2017-06-27,84.78
2017-06-28,84.19
2017-06-29,84.11
2017-06-30,84.17
2017-07-01,75.66
2017-07-02,69.27
2017-07-03,74.04
2017-07-04,76.19
2017-07-05,77.4
2017-07-06,76.99
2017-07-07,75.48
2017-07-08,73.25
2017-07-09,69.78
2017-07-10,75.29
2017-07-11,77.98
2017-07-12,78.27
2017-07-13,78.62
2017-07-14,79.15
2017-07-15,77.18
2017-07-16,72.27
2017-07-17,76.45
2017-07-18,78.95
2017-07-19,79.17
2017-07-20,79.49
2017-07-21,80.09
2017-07-22,78.32
2017-07-23,72.15
2017-07-24,77.23
2017-07-25,80.74
2017-07-26,79.45
2017-07-27,78.97
2017-07-28,78.83
2017-07-29,72.32
2017-07-30,67.36
2017-07-31,71.15
2017-08-01,73.62
2017-08-02,74.04
2017-08-03,75.65
2017-08-04,77.25
2017-08-05,74.91
2017-08-06,71.0
2017-08-07,76.62
2017-08-08,79.41
2017-08-09,79.84
2017-08-10,79.45
2017-08-11,79.2
2017-08-12,75.42
2017-08-13,71.36
2017-08-14,75.87
2017-08-15,74.98
2017-08-16,76.13
2017-08-17,77.68
2017-08-18,77.65
2017-08-19,74.59
2017-08-20,70.23
2017-08-21,75.15
2017-08-22,76.89
2017-08-23,77.31
2017-08-24,77.25
2017-08-25,79.49
2017-08-26,74.4
2017-08-27,69.21
2017-08-28,75.48
2017-08-29,77.95
2017-08-30,76.11
2017-08-31,74.37
2017-09-01,74.14
2017-09-02,71.67
2017-09-03,60.05
2017-09-04,73.69
2017-09-05,75.34
2017-09-06,76.19
2017-09-07,74.49
2017-09-08,75.48
2017-09-09,71.37
2017-09-10,59.69
2017-09-11,73.84
2017-09-12,74.95
2017-09-13,74.89
2017-09-14,73.91
2017-09-15,74.72
2017-09-16,72.08
2017-09-17,64.28
2017-09-18,74.47
2017-09-19,75.18
2017-09-20,76.22
2017-09-21,75.55
2017-09-22,77.46
2017-09-23,73.24
2017-09-24,64.45
2017-09-25,74.39
2017-09-26,76.61
2017-09-27,75.82
2017-09-28,75.45
2017-09-29,73.2
2017-09-30,63.93
2017-10-01,53.83
2017-10-02,59.8
2017-10-03,52.43
2017-10-04,51.91
2017-10-05,52.87
2017-10-06,53.73
2017-10-07,54.02
2017-10-08,58.04
2017-10-09,67.86
2017-10-10,73.76
2017-10-11,75.02
2017-10-12,77.82
2017-10-13,78.68
2017-10-14,75.77
2017-10-15,64.69
2017-10-16,73.46
2017-10-17,80.02
2017-10-18,80.95
2017-10-19,82.08
2017-10-20,81.45
2017-10-21,79.69
2017-10-22,69.58
2017-10-23,78.3
2017-10-24,79.97
2017-10-25,79.47
2017-10-26,79.64
2017-10-27,81.61
2017-10-28,80.27
2017-10-29,72.11
2017-10-30,79.69
2017-10-31,81.33
2017-11-01,82.01
2017-11-02,81.96
2017-11-03,82.35
2017-11-04,80.63
2017-11-05,71.99
2017-11-06,79.76
2017-11-07,82.08
2017-11-08,81.79
2017-11-09,82.15
2017-11-10,82.02
2017-11-11,79.28
2017-11-12,68.63
2017-11-13,78.18
2017-11-14,82.15
2017-11-15,82.69
2017-11-16,82.45
2017-11-17,82.01
2017-11-18,80.3
2017-11-19,76.85
2017-11-20,80.94
2017-11-21,82.38
2017-11-22,83.07
2017-11-23,83.49
2017-11-24,83.22
2017-11-25,82.11
2017-11-26,80.79
2017-11-27,82.69
2017-11-28,83.04
2017-11-29,83.44
2017-11-30,83.54
2017-12-01,90.81
2017-12-02,88.46
2017-12-03,87.42
2017-12-04,89.91
2017-12-05,91.03
2017-12-06,92.18
2017-12-07,91.11
2017-12-08,91.37
2017-12-09,89.32
2017-12-10,87.3
2017-12-11,91.25
2017-12-12,90.92
2017-12-13,91.57
2017-12-14,90.89
2017-12-15,92.12
2017-12-16,90.03
2017-12-17,88.45
2017-12-18,91.49
2017-12-19,92.51
2017-12-20,91.16
2017-12-21,91.49
2017-12-22,92.29
2017-12-23,89.71
2017-12-24,88.73
2017-12-25,87.36
2017-12-26,91.7
2017-12-27,91.19
2017-12-28,90.71
2017-12-29,91.01
2017-12-30,89.29
2017-12-31,86.49
2018-01-01,84.88
2018-01-02,92.57
2018-01-03,92.34
2018-01-04,92.14
2018-01-05,92.42
2018-01-06,91.14
2018-01-07,88.42
2018-01-08,92.71
2018-01-09,92.61
2018-01-10,92.9
2018-01-11,93.89
2018-01-12,93.15
2018-01-13,91.16
2018-01-14,89.23
2018-01-15,92.17
2018-01-16,92.88
2018-01-17,91.88
2018-01-18,91.72
2018-01-19,91.71
2018-01-20,89.4
2018-01-21,88.11
2018-01-22,91.19
2018-01-23,92.63
2018-01-24,92.47
2018-01-25,93.36
2018-01-26,94.01
2018-01-27,91.31
2018-01-28,89.11
2018-01-29,92.79
2018-01-30,93.85
2018-01-31,93.37
2018-02-01,93.21
2018-02-02,92.96
2018-02-03,91.45
2018-02-04,90.02
2018-02-05,92.55
2018-02-06,93.41
2018-02-07,92.98
2018-02-08,93.12
2018-02-09,93.69
2018-02-10,93.04
2018-02-11,90.12
2018-02-12,93.63
2018-02-13,93.1
2018-02-14,91.05
2018-02-15,80.72
2018-02-16,68.88
2018-02-17,70.23
2018-02-18,80.11
2018-02-19,91.47
2018-02-20,93.02
2018-02-21,93.34
2018-02-22,92.33
2018-02-23,92.29
2018-02-24,91.06
2018-02-25,87.74
2018-02-26,91.68
2018-02-27,91.65
2018-02-28,91.46
2018-03-01,98.78
2018-03-02,102.33
2018-03-03,100.83
2018-03-04,98.49
2018-03-05,102.67
2018-03-06,102.72
2018-03-07,102.92
2018-03-08,102.72
2018-03-09,102.83
2018-03-10,101.64
2018-03-11,99.4
2018-03-12,102.71
2018-03-13,102.28
2018-03-14,101.71
2018-03-15,101.58
2018-03-16,101.79
2018-03-17,98.35
2018-03-18,96.4
2018-03-19,99.91
2018-03-20,101.51
2018-03-21,102.06
2018-03-22,101.73
2018-03-23,102.48
2018-03-24,102.94
2018-03-25,98.04
2018-03-26,101.86
2018-03-27,101.49
2018-03-28,100.95
2018-03-29,100.83
2018-03-30,99.96
2018-03-31,98.23
2018-04-01,87.07
2018-04-02,89.97
2018-04-03,90.58
2018-04-04,91.06
2018-04-05,91.52
2018-04-06,91.29
2018-04-07,88.34
2018-04-08,86.79
2018-04-09,90.33
2018-04-10,91.52
2018-04-11,91.54
2018-04-12,91.5
2018-04-13,91.5
2018-04-14,89.14
2018-04-15,87.56
2018-04-16,91.7
2018-04-17,92.38
2018-04-18,91.84
2018-04-19,91.66
2018-04-20,91.51
2018-04-21,88.78
2018-04-22,86.9
2018-04-23,92.04
2018-04-24,92.47
2018-04-25,92.59
2018-04-26,93.24
2018-04-27,91.73
2018-04-28,88.71
2018-04-29,87.43
2018-04-30,89.59
2018-05-01,87.44
2018-05-02,90.12
2018-05-03,88.38
2018-05-04,88.63
2018-05-05,85.44
2018-05-06,82.14
2018-05-07,82.68
2018-05-08,87.88
2018-05-09,89.25
2018-05-10,89.4
2018-05-11,88.5
2018-05-12,87.51
2018-05-13,83.92
2018-05-14,87.71
2018-05-15,89.51
2018-05-16,90.42
2018-05-17,89.7
2018-05-18,89.03
2018-05-19,83.36
2018-05-20,71.7
2018-05-21,82.43
2018-05-22,86.29
2018-05-23,88.65
2018-05-24,89.98
2018-05-25,88.07
2018-05-26,88.16
2018-05-27,88.53
2018-05-28,87.78
2018-05-29,88.53
2018-05-30,88.56
2018-05-31,87.79
2018-06-01,91.99
2018-06-02,89.11
2018-06-03,86.57
2018-06-04,91.09
2018-06-05,92.33
2018-06-06,88.55
2018-06-07,91.29
2018-06-08,91.82
2018-06-09,89.62
2018-06-10,83.57
2018-06-11,88.83
2018-06-12,90.71
2018-06-13,88.93
2018-06-14,90.66
2018-06-15,90.6
2018-06-16,87.26
2018-06-17,81.69
2018-06-18,88.22
2018-06-19,90.54
2018-06-20,90.5
2018-06-21,90.42
2018-06-22,90.37
2018-06-23,87.97
2018-06-24,81.59
2018-06-25,88.72
2018-06-26,90.81
2018-06-27,90.75
2018-06-28,90.82
2018-06-29,91.65
2018-06-30,86.92
2018-07-01,77.39
2018-07-02,86.16
2018-07-03,88.55
2018-07-04,88.5
2018-07-05,87.9
2018-07-06,86.64
2018-07-07,80.8
2018-07-08,66.92
2018-07-09,82.56
2018-07-10,84.23
2018-07-11,84.43
2018-07-12,85.06
2018-07-13,86.02
2018-07-14,82.16
2018-07-15,73.39
2018-07-16,85.35
2018-07-17,89.92
2018-07-18,89.43
2018-07-19,90.34
2018-07-20,91.87
2018-07-21,87.08
2018-07-22,79.79
2018-07-23,88.08
2018-07-24,92.12
2018-07-25,91.29
2018-07-26,95.78
2018-07-27,95.16
2018-07-28,90.67
2018-07-29,82.56
2018-07-30,87.53
2018-07-31,90.47
2018-08-01,90.99
2018-08-02,89.67
2018-08-03,90.34
2018-08-04,88.32
2018-08-05,83.41
2018-08-06,89.85
2018-08-07,94.28
2018-08-08,93.87
2018-08-09,93.46
2018-08-10,92.65
2018-08-11,91.9
2018-08-12,86.14
2018-08-13,91.0
2018-08-14,93.7
2018-08-15,89.35
2018-08-16,89.47
2018-08-17,92.1
2018-08-18,89.12
2018-08-19,82.57
2018-08-20,90.8
2018-08-21,91.67
2018-08-22,91.88
2018-08-23,93.37
2018-08-24,93.19
2018-08-25,87.59
2018-08-26,78.3
2018-08-27,87.96
2018-08-28,91.51
2018-08-29,91.09
2018-08-30,91.52
2018-08-31,91.45
2018-09-01,96.56
2018-09-02,87.36
2018-09-03,92.95
2018-09-04,98.84
2018-09-05,98.48
2018-09-06,98.65
2018-09-07,98.18
2018-09-08,96.88
2018-09-09,90.53
2018-09-10,95.98
2018-09-11,96.88
2018-09-12,96.85
2018-09-13,97.33
2018-09-14,97.58
2018-09-15,95.96
2018-09-16,83.38
2018-09-17,90.9
2018-09-18,96.47
2018-09-19,96.54
2018-09-20,96.15
2018-09-21,95.89
2018-09-22,87.27
2018-09-23,61.72
2018-09-24,61.59
2018-09-25,65.57
2018-09-26,76.71
2018-09-27,90.62
2018-09-28,97.51
2018-09-29,97.21
2018-09-30,94.22
2018-10-01,100.97
2018-10-02,103.61
2018-10-03,101.71
2018-10-04,101.81
2018-10-05,102.5
2018-10-06,102.76
2018-10-07,97.93
2018-10-08,101.74
2018-10-09,101.18
2018-10-10,102.97
2018-10-11,103.1
2018-10-12,101.93
2018-10-13,100.17
2018-10-14,95.75
2018-10-15,101.17
2018-10-16,102.81
2018-10-17,102.5
2018-10-18,103.29
2018-10-19,104.51
2018-10-20,101.63
2018-10-21,97.88
2018-10-22,102.43
2018-10-23,104.02
2018-10-24,104.07
2018-10-25,103.32
2018-10-26,103.31
2018-10-27,100.98
2018-10-28,97.44
2018-10-29,100.97
2018-10-30,102.38
2018-10-31,102.28
2018-11-01,105.65
2018-11-02,104.64
2018-11-03,102.97
2018-11-04,95.76
2018-11-05,103.18
2018-11-06,105.51
2018-11-07,105.6
2018-11-08,105.73
2018-11-09,105.73
2018-11-10,103.34
2018-11-11,100.58
2018-11-12,104.97
2018-11-13,105.29
2018-11-14,105.4
2018-11-15,106.86
2018-11-16,106.37
2018-11-17,102.05
2018-11-18,98.99
2018-11-19,104.5
2018-11-20,105.79
2018-11-21,106.18
2018-11-22,106.72
2018-11-23,107.11
2018-11-24,103.71
2018-11-25,102.29
2018-11-26,105.17
2018-11-27,105.71
2018-11-28,105.74
2018-11-29,105.99
2018-11-30,105.71
2018-12-01,107.74
2018-12-02,100.45
2018-12-03,107.47
2018-12-04,109.88
2018-12-05,110.12
2018-12-06,110.26
2018-12-07,111.86
2018-12-08,107.3
2018-12-09,102.23
2018-12-10,107.42
2018-12-11,110.88
2018-12-12,111.53
2018-12-13,112.26
2018-12-14,112.62
2018-12-15,109.3
2018-12-16,107.18
2018-12-17,112.2
2018-12-18,111.77
2018-12-19,112.34
2018-12-20,112.26
2018-12-21,111.31
2018-12-22,
2018-12-23,105.61
2018-12-24,108.86
2018-12-25,105.35
2018-12-26,111.48
2018-12-27,112.25
2018-12-28,111.68
2018-12-29,109.37
2018-12-30,105.89
2018-12-31,104.8
2019-01-01,98.96
2019-01-02,111.76
2019-01-03,111.74
2019-01-04,112.3
2019-01-05,109.65
2019-01-06,106.28
2019-01-07,111.22
2019-01-08,112.27
2019-01-09,112.7
2019-01-10,112.07
2019-01-11,112.02
2019-01-12,109.43
2019-01-13,106.65
2019-01-14,111.48
2019-01-15,112.32
2019-01-16,112.32
2019-01-17,112.16
2019-01-18,111.73
2019-01-19,109.56
2019-01-20,106.55
2019-01-21,111.68
2019-01-22,112.0
2019-01-23,112.08
2019-01-24,111.97
2019-01-25,111.76
2019-01-26,110.13
2019-01-27,109.25
2019-01-28,111.26
2019-01-29,112.03
2019-01-30,112.01
2019-01-31,112.2
2019-02-01,109.06
2019-02-02,106.76
2019-02-03,93.71
2019-02-04,85.4
2019-02-05,71.26
2019-02-06,81.97
2019-02-07,106.39
2019-02-08,108.61
2019-02-09,106.71
2019-02-10,106.06
2019-02-11,109.72
2019-02-12,109.08
2019-02-13,109.59
2019-02-14,109.74
2019-02-15,109.68
2019-02-16,108.31
2019-02-17,105.37
2019-02-18,109.95
2019-02-19,109.99
2019-02-20,109.68
2019-02-21,109.27
2019-02-22,109.34
2019-02-23,106.64
2019-02-24,102.75
2019-02-25,109.12
2019-02-26,109.18
2019-02-27,108.37
2019-02-28,108.21
2019-03-01,112.18
2019-03-02,107.14
2019-03-03,107.13
2019-03-04,113.46
2019-03-05,113.67
2019-03-06,113.54
2019-03-07,113.26
2019-03-08,113.51
2019-03-09,110.83
2019-03-10,108.41
2019-03-11,112.48
2019-03-12,113.91
2019-03-13,113.21
2019-03-14,113.38
2019-03-15,114.33
2019-03-16,111.18
2019-03-17,108.68
2019-03-18,114.48
2019-03-19,113.6
2019-03-20,114.31
2019-03-21,114.45
2019-03-22,114.02
2019-03-23,111.09
2019-03-24,107.92
2019-03-25,113.36
2019-03-26,112.47
2019-03-27,112.77
2019-03-28,112.81
2019-03-29,112.7
2019-03-30,110.37
2019-03-31,105.69
2019-04-01,99.69
2019-04-02,100.84
2019-04-03,101.16
2019-04-04,100.44
2019-04-05,100.45
2019-04-06,97.68
2019-04-07,95.35
2019-04-08,99.75
2019-04-09,100.46
2019-04-10,100.79
2019-04-11,101.09
2019-04-12,100.55
2019-04-13,97.56
2019-04-14,95.82
2019-04-15,100.38
2019-04-16,100.44
2019-04-17,100.79
2019-04-18,101.4
2019-04-19,100.19
2019-04-20,96.82
2019-04-21,88.17
2019-04-22,97.59
2019-04-23,99.59
2019-04-24,99.33
2019-04-25,100.45
2019-04-26,100.66
2019-04-27,98.09
2019-04-28,91.28
2019-04-29,97.45
2019-04-30,98.29
2019-05-01,77.89
2019-05-02,80.93
2019-05-03,81.2
2019-05-04,77.28
2019-05-05,77.68
2019-05-06,77.93
2019-05-07,80.3
2019-05-08,81.57
2019-05-09,80.97
2019-05-10,80.82
2019-05-11,78.1
2019-05-12,75.38
2019-05-13,80.27
2019-05-14,80.89
2019-05-15,80.25
2019-05-16,79.63
2019-05-17,79.74
2019-05-18,77.43
2019-05-19,70.77
2019-05-20,78.33
2019-05-21,79.86
2019-05-22,79.49
2019-05-23,79.97
2019-05-24,80.94
2019-05-25,79.42
2019-05-26,74.07
2019-05-27,78.69
2019-05-28,79.32
2019-05-29,79.09
2019-05-30,78.99
2019-05-31,77.93
2019-06-01,76.89
2019-06-02,70.47
2019-06-03,78.7
2019-06-04,79.47
2019-06-05,79.8
2019-06-06,77.72
2019-06-07,77.01
2019-06-08,76.28
2019-06-09,68.72
2019-06-10,77.1
2019-06-11,79.51
2019-06-12,79.38
2019-06-13,79.41
2019-06-14,79.55
2019-06-15,77.84
2019-06-16,69.79
2019-06-17,78.37
2019-06-18,80.53
2019-06-19,80.51
2019-06-20,80.69
2019-06-21,80.7
2019-06-22,76.52
2019-06-23,66.5
2019-06-24,76.27
2019-06-25,80.63
2019-06-26,80.87
2019-06-27,80.91
2019-06-28,80.77
2019-06-29,78.76
2019-06-30,72.68
2019-07-01,80.29
2019-07-02,80.34
2019-07-03,79.77
2019-07-04,79.38
2019-07-05,79.5
2019-07-06,76.82
2019-07-07,71.58
2019-07-08,78.75
2019-07-09,80.7
2019-07-10,79.22
2019-07-11,80.25
2019-07-12,80.48
2019-07-13,77.51
2019-07-14,71.17
2019-07-15,77.87
2019-07-16,78.8
2019-07-17,78.89
2019-07-18,79.71
2019-07-19,80.46
2019-07-20,77.97
2019-07-21,72.47
2019-07-22,79.51
2019-07-23,80.96
2019-07-24,81.21
2019-07-25,81.88
2019-07-26,81.82
2019-07-27,78.05
2019-07-28,74.72
2019-07-29,79.73
2019-07-30,80.42
2019-07-31,80.44
2019-08-01,84.03
2019-08-02,82.5
2019-08-03,81.74
2019-08-04,80.08
2019-08-05,83.51
2019-08-06,86.12
2019-08-07,85.52
2019-08-08,85.54
2019-08-09,84.98
2019-08-10,82.61
2019-08-11,79.43
2019-08-12,84.48
2019-08-13,86.67
2019-08-14,87.31
2019-08-15,85.89
2019-08-16,86.89
2019-08-17,83.96
2019-08-18,80.39
2019-08-19,85.27
2019-08-20,87.6
2019-08-21,87.35
2019-08-22,86.48
2019-08-23,85.11
2019-08-24,80.22
2019-08-25,75.53
2019-08-26,82.77
2019-08-27,84.77
2019-08-28,84.81
2019-08-29,84.31
2019-08-30,82.44
2019-08-31,77.9
2019-09-01,69.17
2019-09-02,77.04
2019-09-03,80.03
2019-09-04,81.11
2019-09-05,81.19
2019-09-06,81.69
2019-09-07,78.71
2019-09-08,72.68
2019-09-09,79.53
2019-09-10,83.59
2019-09-11,81.75
2019-09-12,72.48
2019-09-13,67.32
2019-09-14,68.7
2019-09-15,71.1
2019-09-16,78.81
2019-09-17,82.0
2019-09-18,81.87
2019-09-19,80.11
2019-09-20,80.22
2019-09-21,79.67
2019-09-22,76.81
2019-09-23,80.75
2019-09-24,80.29
2019-09-25,81.14
2019-09-26,81.36
2019-09-27,82.24
2019-09-28,80.08
2019-09-29,77.54
2019-09-30,81.34
2019-10-01,93.23
2019-10-02,92.86
2019-10-03,92.65
2019-10-04,90.1
2019-10-05,89.7
2019-10-06,73.39
2019-10-07,90.04
2019-10-08,94.18
2019-10-09,89.3
2019-10-10,87.78
2019-10-11,88.67
2019-10-12,88.17
2019-10-13,71.71
2019-10-14,85.06
2019-10-15,90.29
2019-10-16,91.0
2019-10-17,91.06
2019-10-18,90.36
2019-10-19,80.75
2019-10-20,65.62
2019-10-21,85.01
2019-10-22,89.57
2019-10-23,89.54
2019-10-24,90.39
2019-10-25,90.94
2019-10-26,86.88
2019-10-27,70.33
2019-10-28,85.96
2019-10-29,89.71
2019-10-30,91.71
2019-10-31,92.04
2019-11-01,81.36
2019-11-02,76.85
2019-11-03,68.37
2019-11-04,79.92
2019-11-05,81.97
2019-11-06,82.06
2019-11-07,81.84
2019-11-08,82.44
2019-11-09,79.81
2019-11-10,75.06
2019-11-11,79.71
2019-11-12,81.78
2019-11-13,82.01
2019-11-14,82.73
2019-11-15,82.57
2019-11-16,79.57
2019-11-17,75.5
2019-11-18,81.49
2019-11-19,82.94
2019-11-20,83.94
2019-11-21,83.8
2019-11-22,83.13
2019-11-23,81.96
2019-11-24,79.41
2019-11-25,81.49
2019-11-26,83.98
2019-11-27,84.25
2019-11-28,83.71
2019-11-29,83.09
2019-11-30,80.01
2019-12-01,81.41
2019-12-02,84.14
2019-12-03,84.34
2019-12-04,84.9
2019-12-05,84.85
2019-12-06,84.73
2019-12-07,82.39
2019-12-08,80.83
2019-12-09,84.62
2019-12-10,85.04
2019-12-11,85.46
2019-12-12,84.86
2019-12-13,84.57
2019-12-14,82.11
2019-12-15,80.5
2019-12-16,85.48
2019-12-17,84.91
2019-12-18,84.95
2019-12-19,84.64
2019-12-20,84.86
2019-12-21,82.37
2019-12-22,80.76
2019-12-23,84.16
2019-12-24,84.56
2019-12-25,81.53
2019-12-26,84.7
2019-12-27,84.66
2019-12-28,81.98
2019-12-29,80.63
2019-12-30,84.46
2019-12-31,82.86
2020-01-01,81.46
2020-01-02,85.51
2020-01-03,85.63
2020-01-04,83.26
2020-01-05,81.95
2020-01-06,85.24
2020-01-07,85.88
2020-01-08,86.24
2020-01-09,86.1
2020-01-10,85.72
2020-01-11,83.39
2020-01-12,82.42
2020-01-13,85.7
2020-01-14,86.48
2020-01-15,86.21
2020-01-16,86.62
2020-01-17,86.41
2020-01-18,83.82
2020-01-19,82.35
2020-01-20,85.82
2020-01-21,86.01
2020-01-22,85.72
2020-01-23,84.65
2020-01-24,78.66
2020-01-25,73.55
2020-01-26,76.6
2020-01-27,80.42
2020-01-28,84.06
2020-01-29,85.85
2020-01-30,85.85
2020-01-31,85.11
2020-02-01,80.38
2020-02-02,79.13
2020-02-03,82.29
2020-02-04,83.16
2020-02-05,83.28
2020-02-06,83.43
2020-02-07,82.78
2020-02-08,80.99
2020-02-09,80.0
2020-02-10,82.95
2020-02-11,82.39
2020-02-12,83.06
2020-02-13,82.6
2020-02-14,81.96
2020-02-15,79.39
2020-02-16,78.41
2020-02-17,82.13
2020-02-18,82.2
2020-02-19,81.98
2020-02-20,82.12
2020-02-21,81.96
2020-02-22,80.38
2020-02-23,77.96
2020-02-24,81.82
2020-02-25,82.46
2020-02-26,81.49
2020-02-27,82.21
2020-02-28,81.74
2020-02-29,78.83
2020-03-01,79.01
2020-03-02,83.36
2020-03-03,83.57
2020-03-04,83.92
2020-03-05,85.17
2020-03-06,84.08
2020-03-07,81.91
2020-03-08,81.45
2020-03-09,83.43
2020-03-10,84.14
2020-03-11,84.4
2020-03-12,83.95
2020-03-13,84.47
2020-03-14,82.54
2020-03-15,80.81
2020-03-16,83.41
2020-03-17,83.16
2020-03-18,82.68
2020-03-19,83.79
2020-03-20,83.8
2020-03-21,81.69
2020-03-22,81.15
2020-03-23,83.65
2020-03-24,83.66
2020-03-25,82.8
2020-03-26,83.63
2020-03-27,84.08
2020-03-28,81.63
2020-03-29,80.3
2020-03-30,82.92
2020-03-31,83.41
2020-04-01,78.26
2020-04-02,78.54
2020-04-03,78.31
2020-04-04,67.27
2020-04-05,64.13
2020-04-06,76.6
2020-04-07,78.33
2020-04-08,78.63
2020-04-09,78.62
2020-04-10,78.1
2020-04-11,72.62
2020-04-12,63.37
2020-04-13,77.51
2020-04-14,79.23
2020-04-15,78.76
2020-04-16,79.25
2020-04-17,81.15
2020-04-18,78.01
2020-04-19,66.44
2020-04-20,77.89
2020-04-21,79.5
2020-04-22,79.4
2020-04-23,78.78
2020-04-24,77.34
2020-04-25,61.71
2020-04-26,58.44
2020-04-27,73.15
2020-04-28,73.61
2020-04-29,70.59
2020-04-30,69.85
2020-05-01,64.79
2020-05-02,61.14
2020-05-03,63.38
2020-05-04,72.19
2020-05-05,66.94
2020-05-06,73.09
2020-05-07,78.25
2020-05-08,79.01
2020-05-09,71.89
2020-05-10,64.09
2020-05-11,80.44
2020-05-12,77.97
2020-05-13,76.95
2020-05-14,76.31
2020-05-15,74.64
2020-05-16,59.53
2020-05-17,59.34
2020-05-18,75.31
2020-05-19,77.24
2020-05-20,78.03
2020-05-21,76.23
2020-05-22,72.42
2020-05-23,58.76
2020-05-24,60.44
2020-05-25,67.76
2020-05-26,68.69
2020-05-27,71.74
2020-05-28,70.83
2020-05-29,70.59
2020-05-30,61.68
2020-05-31,61.35
2020-06-01,69.77
2020-06-02,65.67
2020-06-03,70.39
2020-06-04,70.71
2020-06-05,71.44
2020-06-06,60.3
2020-06-07,62.22
2020-06-08,71.39
2020-06-09,73.63
2020-06-10,75.7
2020-06-11,75.17
2020-06-12,76.46
2020-06-13,64.63
2020-06-14,63.18
2020-06-15,74.79
2020-06-16,74.76
2020-06-17,74.18
2020-06-18,72.76
2020-06-19,73.85
2020-06-20,62.98
2020-06-21,61.59
2020-06-22,73.13
2020-06-23,72.97
2020-06-24,73.9
2020-06-25,74.65
2020-06-26,74.27
2020-06-27,63.39
2020-06-28,62.01
2020-06-29,73.73
2020-06-30,72.6
2020-07-01,72.56
2020-07-02,72.89
2020-07-03,73.24
2020-07-04,60.66
2020-07-05,59.51
2020-07-06,71.64
2020-07-07,72.33
2020-07-08,73.06
2020-07-09,72.97
2020-07-10,72.97
2020-07-11,62.29
2020-07-12,61.87
2020-07-13,71.66
2020-07-14,70.71
2020-07-15,71.38
2020-07-16,71.83
2020-07-17,72.65
2020-07-18,64.49
2020-07-19,61.29
2020-07-20,74.46
2020-07-21,74.03
2020-07-22,74.94
2020-07-23,75.44
2020-07-24,76.08
2020-07-25,67.94
2020-07-26,61.95
2020-07-27,74.25
2020-07-28,74.72
2020-07-29,75.22
2020-07-30,75.07
2020-07-31,74.97
2020-08-01,57.01
2020-08-02,57.12
2020-08-03,58.15
2020-08-04,59.7
2020-08-05,60.65
2020-08-06,61.78
2020-08-07,61.73
2020-08-08,57.66
2020-08-09,58.07
2020-08-10,62.62
2020-08-11,63.44
2020-08-12,62.21
2020-08-13,63.05
2020-08-14,65.21
2020-08-15,61.09
2020-08-16,58.8
2020-08-17,62.81
2020-08-18,65.34
2020-08-19,65.07
2020-08-20,65.6
2020-08-21,64.85
2020-08-22,61.56
2020-08-23,58.58
2020-08-24,64.09
2020-08-25,65.5
2020-08-26,65.97
2020-08-27,65.75
2020-08-28,65.94
2020-08-29,61.65
2020-08-30,58.45
2020-08-31,63.98
2020-09-01,57.6
2020-09-02,57.09
2020-09-03,56.12
2020-09-04,57.6
2020-09-05,55.16
2020-09-06,53.85
2020-09-07,57.01
2020-09-08,56.32
2020-09-09,55.51
2020-09-10,56.33
2020-09-11,55.95
2020-09-12,54.81
2020-09-13,52.86
2020-09-14,56.23
2020-09-15,55.97
2020-09-16,55.96
2020-09-17,55.99
2020-09-18,56.06
2020-09-19,54.49
2020-09-20,52.51
2020-09-21,56.48
2020-09-22,55.66
2020-09-23,55.61
2020-09-24,56.0
2020-09-25,56.25
2020-09-26,53.32
2020-09-27,51.89
2020-09-28,54.71
2020-09-29,54.19
2020-09-30,50.9
2020-10-01,48.52
2020-10-02,48.94
2020-10-03,49.02
2020-10-04,49.27
2020-10-05,51.91
2020-10-06,51.59
2020-10-07,50.91
2020-10-08,51.17
2020-10-09,50.2
2020-10-10,49.09
2020-10-11,48.68
2020-10-12,50.25
2020-10-13,50.14
2020-10-14,50.33
2020-10-15,50.25
2020-10-16,50.63
2020-10-17,49.26
2020-10-18,49.05
2020-10-19,50.19
2020-10-20,50.29
2020-10-21,50.52
2020-10-22,50.76
2020-10-23,53.2
2020-10-24,49.14
2020-10-25,49.37
2020-10-26,50.33
2020-10-27,50.66
2020-10-28,50.9
2020-10-29,50.3
2020-10-30,50.69
2020-10-31,49.21
2020-11-01,48.16
2020-11-02,49.99
2020-11-03,49.78
2020-11-04,49.73
2020-11-05,50.25
2020-11-06,50.1
2020-11-07,48.12
2020-11-08,47.92
2020-11-09,49.77
2020-11-10,50.01
2020-11-11,49.91
2020-11-12,49.8
2020-11-13,50.32
2020-11-14,48.45
2020-11-15,48.53
2020-11-16,49.66
2020-11-17,50.15
2020-11-18,49.96
2020-11-19,50.26
2020-11-20,49.99
2020-11-21,48.59
2020-11-22,48.64
2020-11-23,50.48
2020-11-24,50.46
2020-11-25,50.5
2020-11-26,50.39
2020-11-27,50.11
2020-11-28,48.67
2020-11-29,48.43
2020-11-30,50.58
2020-12-01,67.74
2020-12-02,67.6
2020-12-03,68.06
2020-12-04,68.74
2020-12-05,65.21
2020-12-06,63.56
2020-12-07,67.84
2020-12-08,67.17
2020-12-09,68.3
2020-12-10,67.52
2020-12-11,67.86
2020-12-12,64.44
2020-12-13,64.97
2020-12-14,67.46
2020-12-15,67.92
2020-12-16,68.18
2020-12-17,68.15
2020-12-18,68.58
2020-12-19,66.13
2020-12-20,64.32
2020-12-21,67.9
2020-12-22,67.79
2020-12-23,67.44
2020-12-24,68.03
2020-12-25,65.11
2020-12-26,64.31
2020-12-27,64.76
2020-12-28,67.46
2020-12-29,67.27
2020-12-30,66.78
2020-12-31,66.73
2021-01-01,67.03
2021-01-02,67.77
2021-01-03,67.25
2021-01-04,70.34
2021-01-05,71.9
2021-01-06,72.07
2021-01-07,72.69
2021-01-08,72.6
2021-01-09,71.22
2021-01-10,68.47
2021-01-11,72.86
2021-01-12,74.29
2021-01-13,73.15
2021-01-14,72.11
2021-01-15,70.44
2021-01-16,68.36
2021-01-17,68.48
2021-01-18,70.73
2021-01-19,71.84
2021-01-20,71.73
2021-01-21,71.26
2021-01-22,70.99
2021-01-23,68.55
2021-01-24,66.84
2021-01-25,69.49
2021-01-26,69.82
2021-01-27,70.65
2021-01-28,70.3
2021-01-29,71.62
2021-01-30,68.49
2021-01-31,65.44
2021-02-01,74.89
2021-02-02,76.16
2021-02-03,77.07
2021-02-04,76.7
2021-02-05,76.16
2021-02-06,73.69
2021-02-07,72.02
2021-02-08,77.86
2021-02-09,77.85
2021-02-10,75.35
2021-02-11,71.08
2021-02-12,64.78
2021-02-13,70.62
2021-02-14,70.99
2021-02-15,75.79
2021-02-16,77.94
2021-02-17,78.26
2021-02-18,79.11
2021-02-19,78.02
2021-02-20,75.19
2021-02-21,72.62
2021-02-22,77.54
2021-02-23,76.04
2021-02-24,76.17
2021-02-25,75.53
2021-02-26,76.17
2021-02-27,73.13
2021-02-28,70.72
2021-03-01,80.99
2021-03-02,83.61
2021-03-03,84.68
2021-03-04,84.98
2021-03-05,84.16
2021-03-06,83.32
2021-03-07,81.38
2021-03-08,84.96
2021-03-09,84.02
2021-03-10,84.19
2021-03-11,84.21
2021-03-12,84.39
2021-03-13,83.36
2021-03-14,81.72
2021-03-15,84.39
2021-03-16,83.94
2021-03-17,84.0
2021-03-18,84.06
2021-03-19,83.7
2021-03-20,83.62
2021-03-21,81.61
2021-03-22,83.94
2021-03-23,84.31
2021-03-24,84.73
2021-03-25,84.26
2021-03-26,84.09
2021-03-27,83.74
2021-03-28,81.7
2021-03-29,84.61
2021-03-30,84.79
2021-03-31,84.11
2021-04-01,75.58
2021-04-02,75.91
2021-04-03,74.04
2021-04-04,72.97
2021-04-05,77.63
2021-04-06,77.42
2021-04-07,77.53
2021-04-08,77.91
2021-04-09,76.79
2021-04-10,74.97
2021-04-11,73.8
2021-04-12,77.19
2021-04-13,76.96
2021-04-14,76.77
2021-04-15,76.97
2021-04-16,76.9
2021-04-17,74.34
2021-04-18,72.93
2021-04-19,75.35
2021-04-20,76.13
2021-04-21,76.41
2021-04-22,76.13
2021-04-23,75.68
2021-04-24,74.76
2021-04-25,72.96
2021-04-26,77.09
2021-04-27,76.94
2021-04-28,76.41
2021-04-29,76.02
2021-04-30,76.42
2021-05-01,79.06
2021-05-02,77.77
2021-05-03,80.56
2021-05-04,81.75
2021-05-05,78.14
2021-05-06,80.33
2021-05-07,80.13
2021-05-08,77.21
2021-05-09,73.0
2021-05-10,81.08
2021-05-11,80.13
2021-05-12,79.96
2021-05-13,80.34
2021-05-14,79.86
2021-05-15,79.33
2021-05-16,72.3
2021-05-17,76.77
2021-05-18,79.78
2021-05-19,78.3
2021-05-20,79.1
2021-05-21,80.18
2021-05-22,78.48
2021-05-23,78.45
2021-05-24,81.21
2021-05-25,80.94
2021-05-26,80.68
2021-05-27,80.57
2021-05-28,80.77
2021-05-29,76.08
2021-05-30,70.28
2021-05-31,79.67
2021-06-01,84.05
2021-06-02,83.81
2021-06-03,84.46
2021-06-04,83.39
2021-06-05,80.66
2021-06-06,73.79
2021-06-07,83.96
2021-06-08,82.67
2021-06-09,82.18
2021-06-10,83.27
2021-06-11,82.84
2021-06-12,79.04
2021-06-13,71.42
2021-06-14,80.88
2021-06-15,84.38
2021-06-16,85.04
2021-06-17,85.05
2021-06-18,84.19
