id,cdate,land_wa,jeju_wa
1,2015-01-01,133.57,159.17
2,2015-01-02,143.66,164.54
3,2015-01-03,137.51,164.8
4,2015-01-04,135.72,158.08
5,2015-01-05,141.39,177.85
6,2015-01-06,143.2,164.65
7,2015-01-07,142.37,155.81
8,2015-01-08,142.13,165.17
9,2015-01-09,141.97,167.22
10,2015-01-10,139.9,164.69
11,2015-01-11,135.71,163.35
12,2015-01-12,142.75,169.85
13,2015-01-13,142.13,156.41
14,2015-01-14,142.98,156.7
15,2015-01-15,142.68,156.64
16,2015-01-16,143.16,165.23
17,2015-01-17,137.92,163.1
18,2015-01-18,134.4,158.4
19,2015-01-19,141.89,166.42
20,2015-01-20,142.05,172.61
21,2015-01-21,142.08,156.67
22,2015-01-22,141.58,164.94
23,2015-01-23,141.56,162.36
24,2015-01-24,136.05,158.24
25,2015-01-25,133.9,156.78
26,2015-01-26,141.33,158.23
27,2015-01-27,142.76,165.8
28,2015-01-28,141.6,177.72
29,2015-01-29,142.06,164.57
30,2015-01-30,141.99,167.65
31,2015-01-31,139.0,171.06
32,2015-02-01,122.25,139.54
33,2015-02-02,127.89,138.98
34,2015-02-03,128.17,130.33
35,2015-02-04,128.87,137.25
36,2015-02-05,128.68,140.01
37,2015-02-06,128.53,130.56
38,2015-02-07,126.71,131.94
39,2015-02-08,124.37,140.77
40,2015-02-09,129.3,139.03
41,2015-02-10,127.81,137.68
42,2015-02-11,128.99,139.63
43,2015-02-12,129.23,139.76
44,2015-02-13,128.67,142.15
45,2015-02-14,125.77,141.13
46,2015-02-15,121.6,131.79
47,2015-02-16,126.6,138.03
48,2015-02-17,125.15,139.03
49,2015-02-18,89.4,140.58
50,2015-02-19,63.4,126.54
51,2015-02-20,62.26,136.82
52,2015-02-21,78.76,137.74
53,2015-02-22,118.69,131.03
54,2015-02-23,127.85,138.39
55,2015-02-24,128.22,137.26
56,2015-02-25,128.0,130.52
57,2015-02-26,127.82,136.85
58,2015-02-27,127.01,142.05
59,2015-02-28,122.75,143.59
60,2015-03-01,114.42,114.41
61,2015-03-02,118.8,117.2
62,2015-03-03,118.72,115.87
63,2015-03-04,121.06,120.96
64,2015-03-05,120.27,117.06
65,2015-03-06,121.03,116.22
66,2015-03-07,119.96,121.28
67,2015-03-08,116.0,115.81
68,2015-03-09,120.98,120.77
69,2015-03-10,122.03,121.98
70,2015-03-11,120.52,117.45
71,2015-03-12,121.11,119.65
72,2015-03-13,121.59,121.51
73,2015-03-14,119.89,119.91
74,2015-03-15,115.96,116.03
75,2015-03-16,119.99,117.07
76,2015-03-17,119.05,117.2
77,2015-03-18,119.54,117.99
78,2015-03-19,118.23,118.08
79,2015-03-20,118.52,118.29
80,2015-03-21,114.56,114.54
81,2015-03-22,113.03,112.64
82,2015-03-23,118.21,118.0
83,2015-03-24,117.95,117.88
84,2015-03-25,117.21,122.99
85,2015-03-26,116.98,122.27
86,2015-03-27,117.56,122.39
87,2015-03-28,115.23,115.27
88,2015-03-29,112.67,112.63
89,2015-03-30,116.52,116.37
90,2015-03-31,116.19,116.08
91,2015-04-01,103.76,133.18
92,2015-04-02,104.27,131.65
93,2015-04-03,104.49,130.91
94,2015-04-04,103.28,131.0
95,2015-04-05,100.49,133.82
96,2015-04-06,104.78,131.27
97,2015-04-07,105.12,130.9
98,2015-04-08,105.29,131.21
99,2015-04-09,106.04,131.04
100,2015-04-10,105.74,131.74
101,2015-04-11,105.28,129.48
102,2015-04-12,102.29,131.33
103,2015-04-13,105.14,131.55
104,2015-04-14,104.57,129.94
105,2015-04-15,103.67,131.24
106,2015-04-16,103.28,133.04
107,2015-04-17,103.06,132.15
108,2015-04-18,102.05,129.91
109,2015-04-19,100.13,132.72
110,2015-04-20,103.49,134.63
111,2015-04-21,103.94,130.98
112,2015-04-22,103.69,133.65
113,2015-04-23,103.43,131.39
114,2015-04-24,103.42,131.98
115,2015-04-25,100.43,132.76
116,2015-04-26,98.2,133.7
117,2015-04-27,101.72,135.48
118,2015-04-28,102.88,134.79
119,2015-04-29,102.99,133.03
120,2015-04-30,103.63,132.25
121,2015-05-01,93.79,132.83
122,2015-05-02,93.38,133.21
123,2015-05-03,91.76,133.74
124,2015-05-04,96.14,130.24
125,2015-05-05,93.49,129.39
126,2015-05-06,96.94,132.45
127,2015-05-07,97.28,132.97
128,2015-05-08,96.94,134.55
129,2015-05-09,96.18,131.96
130,2015-05-10,92.26,129.81
131,2015-05-11,96.73,127.84
132,2015-05-12,96.5,133.06
133,2015-05-13,97.89,131.08
134,2015-05-14,99.29,131.28
135,2015-05-15,96.98,128.67
136,2015-05-16,98.41,127.45
137,2015-05-17,92.95,133.03
138,2015-05-18,97.73,131.7
139,2015-05-19,97.37,128.5
140,2015-05-20,97.58,118.97
141,2015-05-21,97.18,128.82
142,2015-05-22,97.8,130.37
143,2015-05-23,98.26,128.26
144,2015-05-24,93.92,128.82
145,2015-05-25,94.17,131.67
146,2015-05-26,94.35,135.99
147,2015-05-27,99.25,123.3
148,2015-05-28,99.12,128.37
149,2015-05-29,99.81,136.36
150,2015-05-30,95.03,139.97
151,2015-05-31,92.69,134.56
152,2015-06-01,84.93,132.51
153,2015-06-02,86.76,135.83
154,2015-06-03,86.85,133.18
155,2015-06-04,86.63,133.86
156,2015-06-05,86.97,133.11
157,2015-06-06,85.27,132.45
158,2015-06-07,81.62,136.45
159,2015-06-08,81.25,133.93
160,2015-06-09,86.46,145.65
161,2015-06-10,86.33,132.64
162,2015-06-11,86.19,136.46
163,2015-06-12,86.39,134.91
164,2015-06-13,85.42,131.49
165,2015-06-14,75.2,129.51
166,2015-06-15,79.02,135.75
167,2015-06-16,86.4,133.93
168,2015-06-17,86.31,130.38
169,2015-06-18,86.58,134.96
170,2015-06-19,86.66,137.28
171,2015-06-20,86.27,126.38
172,2015-06-21,82.76,133.71
173,2015-06-22,80.26,133.26
174,2015-06-23,86.07,133.53
175,2015-06-24,86.36,131.41
176,2015-06-25,86.14,119.75
177,2015-06-26,85.38,126.64
178,2015-06-27,83.93,128.64
179,2015-06-28,69.19,128.15
180,2015-06-29,76.95,119.18
181,2015-06-30,84.85,119.47
182,2015-07-01,85.0,131.59
183,2015-07-02,84.94,130.77
184,2015-07-03,82.29,131.71
185,2015-07-04,81.01,132.97
186,2015-07-05,68.76,135.17
187,2015-07-06,74.74,137.22
188,2015-07-07,83.2,130.93
189,2015-07-08,83.75,128.87
190,2015-07-09,82.19,129.85
191,2015-07-10,84.14,130.17
192,2015-07-11,80.05,129.73
193,2015-07-12,64.91,131.0
194,2015-07-13,75.11,131.27
195,2015-07-14,85.55,132.86
196,2015-07-15,84.64,133.18
197,2015-07-16,82.79,130.78
198,2015-07-17,84.55,131.34
199,2015-07-18,83.66,127.23
200,2015-07-19,71.48,126.75
201,2015-07-20,76.24,134.43
202,2015-07-21,83.63,131.2
203,2015-07-22,85.61,130.69
204,2015-07-23,86.03,129.95
205,2015-07-24,86.13,142.96
206,2015-07-25,80.99,130.58
207,2015-07-26,71.1,129.76
208,2015-07-27,79.2,142.02
209,2015-07-28,86.23,142.7
210,2015-07-29,86.11,141.58
211,2015-07-30,86.57,142.92
212,2015-07-31,86.74,141.16
213,2015-08-01,88.18,127.98
214,2015-08-02,76.08,134.15
215,2015-08-03,77.95,140.04
216,2015-08-04,79.48,137.08
217,2015-08-05,83.19,137.52
218,2015-08-06,86.94,142.08
219,2015-08-07,90.48,139.68
220,2015-08-08,90.59,138.95
221,2015-08-09,78.97,136.33
222,2015-08-10,84.23,135.74
223,2015-08-11,90.91,139.07
224,2015-08-12,90.86,140.5
225,2015-08-13,91.0,136.89
226,2015-08-14,89.6,135.96
227,2015-08-15,90.23,138.2
228,2015-08-16,89.0,137.52
229,2015-08-17,91.11,139.12
230,2015-08-18,91.42,122.97
231,2015-08-19,91.0,124.47
232,2015-08-20,91.35,135.64
233,2015-08-21,91.25,134.09
234,2015-08-22,92.04,141.41
235,2015-08-23,89.57,140.5
236,2015-08-24,89.49,136.06
237,2015-08-25,90.11,124.05
238,2015-08-26,89.91,123.28
239,2015-08-27,90.19,132.58
240,2015-08-28,89.63,124.24
241,2015-08-29,91.03,123.99
242,2015-08-30,87.91,124.74
243,2015-08-31,84.7,122.13
244,2015-09-01,95.36,111.69
245,2015-09-02,95.57,111.08
246,2015-09-03,95.84,110.09
247,2015-09-04,95.74,109.77
248,2015-09-05,97.19,114.79
249,2015-09-06,95.23,120.64
250,2015-09-07,96.56,110.52
251,2015-09-08,95.72,126.07
252,2015-09-09,95.84,111.41
253,2015-09-10,96.18,110.78
254,2015-09-11,96.18,109.83
255,2015-09-12,99.6,119.52
256,2015-09-13,94.65,118.23
257,2015-09-14,95.57,125.64
258,2015-09-15,95.73,117.89
259,2015-09-16,95.16,118.83
260,2015-09-17,94.99,127.66
261,2015-09-18,95.02,127.06
262,2015-09-19,95.28,123.98
263,2015-09-20,92.2,125.79
264,2015-09-21,88.61,126.05
265,2015-09-22,95.05,127.41
266,2015-09-23,94.91,119.96
267,2015-09-24,95.32,117.91
268,2015-09-25,93.14,122.45
269,2015-09-26,53.7,118.64
270,2015-09-27,38.28,114.83
271,2015-09-28,47.01,117.87
272,2015-09-29,74.59,118.8
273,2015-09-30,85.73,119.96
274,2015-10-01,98.52,106.56
275,2015-10-02,99.67,110.21
276,2015-10-03,99.59,108.93
277,2015-10-04,93.83,102.7
278,2015-10-05,92.49,107.16
279,2015-10-06,99.32,106.11
280,2015-10-07,98.22,107.41
281,2015-10-08,98.55,97.83
282,2015-10-09,97.38,101.22
283,2015-10-10,99.23,108.96
284,2015-10-11,96.0,100.54
285,2015-10-12,99.39,108.7
286,2015-10-13,101.81,105.89
287,2015-10-14,99.57,103.23
288,2015-10-15,101.14,104.97
289,2015-10-16,101.39,106.21
290,2015-10-17,100.97,105.54
291,2015-10-18,94.51,94.37
292,2015-10-19,100.18,101.92
293,2015-10-20,99.07,103.55
294,2015-10-21,99.02,102.97
295,2015-10-22,101.43,105.69
296,2015-10-23,98.65,102.95
297,2015-10-24,96.22,101.82
298,2015-10-25,95.19,103.92
299,2015-10-26,98.16,105.34
300,2015-10-27,98.12,104.0
301,2015-10-28,97.13,103.6
302,2015-10-29,96.53,101.38
303,2015-10-30,97.71,103.06
304,2015-10-31,95.84,95.77
305,2015-11-01,85.33,99.51
306,2015-11-02,89.88,99.17
307,2015-11-03,94.71,94.48
308,2015-11-04,94.75,100.43
309,2015-11-05,95.02,107.81
310,2015-11-06,95.48,100.32
311,2015-11-07,99.42,106.85
312,2015-11-08,90.55,106.95
313,2015-11-09,93.89,102.05
314,2015-11-10,98.1,99.78
315,2015-11-11,96.67,106.58
316,2015-11-12,97.29,107.95
317,2015-11-13,101.18,104.0
318,2015-11-14,91.79,91.78
319,2015-11-15,91.66,92.03
320,2015-11-16,91.36,94.01
321,2015-11-17,95.54,95.42
322,2015-11-18,95.97,95.96
323,2015-11-19,95.77,95.77
324,2015-11-20,95.89,95.73
325,2015-11-21,93.81,93.67
326,2015-11-22,91.49,99.53
327,2015-11-23,91.18,96.19
328,2015-11-24,102.23,104.41
329,2015-11-25,98.06,100.04
330,2015-11-26,95.39,100.69
331,2015-11-27,96.48,100.73
332,2015-11-28,99.12,100.18
333,2015-11-29,92.86,92.04
334,2015-11-30,91.33,95.01
335,2015-12-01,97.72,101.63
336,2015-12-02,96.4,96.46
337,2015-12-03,95.87,95.71
338,2015-12-04,97.37,101.26
339,2015-12-05,98.67,114.51
340,2015-12-06,93.2,113.44
341,2015-12-07,97.57,101.93
342,2015-12-08,96.58,105.0
343,2015-12-09,96.85,96.81
344,2015-12-10,96.78,96.35
345,2015-12-11,96.01,95.92
346,2015-12-12,94.27,94.26
347,2015-12-13,92.6,92.14
348,2015-12-14,95.91,95.76
349,2015-12-15,95.83,101.09
350,2015-12-16,100.17,109.26
351,2015-12-17,97.5,106.57
352,2015-12-18,95.75,101.66
353,2015-12-19,93.83,99.85
354,2015-12-20,92.51,102.52
355,2015-12-21,95.8,102.38
356,2015-12-22,95.82,95.78
357,2015-12-23,95.84,95.54
358,2015-12-24,95.09,95.03
359,2015-12-25,93.2,99.49
360,2015-12-26,92.73,100.9
361,2015-12-27,83.66,102.57
362,2015-12-28,93.18,101.59
363,2015-12-29,95.97,108.69
364,2015-12-30,97.75,110.3
365,2015-12-31,93.59,93.21
366,2016-01-01,70.81,90.76
367,2016-01-02,75.07,99.99
368,2016-01-03,77.71,86.91
369,2016-01-04,89.15,90.4
370,2016-01-05,90.04,97.29
371,2016-01-06,90.46,96.72
372,2016-01-07,91.53,91.2
373,2016-01-08,90.42,98.53
374,2016-01-09,88.21,103.51
375,2016-01-10,86.48,98.35
376,2016-01-11,90.1,96.66
377,2016-01-12,97.34,103.18
378,2016-01-13,90.28,90.08
379,2016-01-14,93.51,96.6
380,2016-01-15,92.65,98.65
381,2016-01-16,89.85,104.69
382,2016-01-17,87.72,103.0
383,2016-01-18,93.06,96.65
384,2016-01-19,92.08,98.97
385,2016-01-20,92.63,98.34
386,2016-01-21,97.01,103.86
387,2016-01-22,92.28,110.48
388,2016-01-23,92.81,109.87
389,2016-01-24,88.74,102.16
390,2016-01-25,97.73,98.01
391,2016-01-26,92.46,92.4
392,2016-01-27,97.42,97.88
393,2016-01-28,93.16,93.09
394,2016-01-29,98.06,99.32
395,2016-01-30,90.01,89.83
396,2016-01-31,87.81,89.48
397,2016-02-01,92.09,91.98
398,2016-02-02,91.79,91.43
399,2016-02-03,91.09,89.74
400,2016-02-04,92.14,92.08
401,2016-02-05,89.68,89.56
402,2016-02-06,88.64,89.57
403,2016-02-07,78.3,80.82
404,2016-02-08,59.32,67.33
405,2016-02-09,53.4,70.64
406,2016-02-10,73.02,81.79
407,2016-02-11,86.15,87.23
408,2016-02-12,90.81,90.07
409,2016-02-13,90.12,88.99
410,2016-02-14,88.89,88.87
411,2016-02-15,91.64,91.54
412,2016-02-16,91.74,91.27
413,2016-02-17,90.63,89.75
414,2016-02-18,91.28,91.19
415,2016-02-19,89.24,89.18
416,2016-02-20,89.19,89.21
417,2016-02-21,86.67,86.69
418,2016-02-22,90.62,90.52
419,2016-02-23,89.8,87.72
420,2016-02-24,91.49,91.1
421,2016-02-25,89.92,89.35
422,2016-02-26,91.01,90.44
423,2016-02-27,88.53,88.54
424,2016-02-28,87.73,90.44
425,2016-02-29,90.87,89.58
426,2016-03-01,86.77,81.65
427,2016-03-02,89.58,82.27
428,2016-03-03,88.85,84.66
429,2016-03-04,89.19,86.75
430,2016-03-05,89.13,86.32
431,2016-03-06,86.34,84.1
432,2016-03-07,89.16,83.65
433,2016-03-08,89.39,84.53
434,2016-03-09,88.7,87.74
435,2016-03-10,89.02,87.85
436,2016-03-11,89.6,85.03
437,2016-03-12,89.08,87.29
438,2016-03-13,85.92,85.97
439,2016-03-14,87.6,87.43
440,2016-03-15,87.53,85.82
441,2016-03-16,87.39,79.38
442,2016-03-17,87.57,73.22
443,2016-03-18,87.11,77.7
444,2016-03-19,84.61,84.61
445,2016-03-20,83.61,83.61
446,2016-03-21,88.85,85.89
447,2016-03-22,87.29,87.27
448,2016-03-23,86.98,86.23
449,2016-03-24,87.08,85.83
450,2016-03-25,86.93,86.91
451,2016-03-26,84.59,82.74
452,2016-03-27,82.82,82.86
453,2016-03-28,84.12,84.77
454,2016-03-29,86.59,85.41
455,2016-03-30,86.52,81.79
456,2016-03-31,86.57,82.38
457,2016-04-01,75.76,75.66
458,2016-04-02,74.07,77.72
459,2016-04-03,78.68,80.26
460,2016-04-04,80.07,79.87
461,2016-04-05,75.46,75.45
462,2016-04-06,78.28,83.22
463,2016-04-07,80.26,81.69
464,2016-04-08,76.72,79.9
465,2016-04-09,74.94,77.47
466,2016-04-10,75.59,77.77
467,2016-04-11,76.12,79.83
468,2016-04-12,78.95,79.34
469,2016-04-13,76.09,77.24
470,2016-04-14,74.99,74.62
471,2016-04-15,74.91,79.02
472,2016-04-16,74.14,79.1
473,2016-04-17,76.03,79.95
474,2016-04-18,73.66,74.76
475,2016-04-19,75.56,75.52
476,2016-04-20,75.55,75.35
477,2016-04-21,75.45,75.39
478,2016-04-22,77.43,78.64
479,2016-04-23,73.88,73.3
480,2016-04-24,58.28,74.06
481,2016-04-25,71.62,74.79
482,2016-04-26,76.38,78.02
483,2016-04-27,75.51,75.49
484,2016-04-28,75.18,75.14
485,2016-04-29,74.94,74.87
486,2016-04-30,73.03,73.04
487,2016-05-01,57.23,75.53
488,2016-05-02,64.64,75.68
489,2016-05-03,69.25,75.77
490,2016-05-04,69.32,76.11
491,2016-05-05,66.74,74.35
492,2016-05-06,67.79,74.99
493,2016-05-07,67.79,74.89
494,2016-05-08,61.51,76.07
495,2016-05-09,66.41,75.09
496,2016-05-10,69.56,73.66
497,2016-05-11,69.97,75.15
498,2016-05-12,69.19,75.45
499,2016-05-13,69.56,76.16
500,2016-05-14,70.92,73.4
501,2016-05-15,66.45,76.83
502,2016-05-16,68.07,75.99
503,2016-05-17,70.62,75.37
504,2016-05-18,70.91,75.77
505,2016-05-19,71.2,75.36
506,2016-05-20,71.3,74.85
507,2016-05-21,70.0,75.01
508,2016-05-22,66.89,73.78
509,2016-05-23,68.96,72.62
510,2016-05-24,70.36,76.19
511,2016-05-25,70.84,75.01
512,2016-05-26,70.57,75.66
513,2016-05-27,71.09,75.17
514,2016-05-28,71.11,82.3
515,2016-05-29,67.12,76.94
516,2016-05-30,69.08,76.69
517,2016-05-31,71.1,75.46
518,2016-06-01,65.21,80.36
519,2016-06-02,65.1,78.2
520,2016-06-03,64.82,81.1
521,2016-06-04,65.05,77.17
522,2016-06-05,62.46,76.83
523,2016-06-06,64.52,80.25
524,2016-06-07,63.11,81.41
525,2016-06-08,65.18,82.56
526,2016-06-09,65.18,81.92
527,2016-06-10,65.71,85.8
528,2016-06-11,65.07,85.21
529,2016-06-12,63.12,82.41
530,2016-06-13,63.37,86.83
531,2016-06-14,65.51,87.13
532,2016-06-15,65.45,91.46
533,2016-06-16,65.7,86.59
534,2016-06-17,65.25,88.35
535,2016-06-18,66.4,81.97
536,2016-06-19,63.82,89.53
537,2016-06-20,63.31,83.46
538,2016-06-21,66.07,81.75
539,2016-06-22,66.58,82.21
540,2016-06-23,66.72,77.12
541,2016-06-24,66.37,83.76
542,2016-06-25,66.59,80.73
543,2016-06-26,64.86,78.74
544,2016-06-27,65.56,80.27
545,2016-06-28,65.67,83.86
546,2016-06-29,65.67,82.95
547,2016-06-30,65.78,77.77
548,2016-07-01,67.8,86.25
549,2016-07-02,66.94,88.77
550,2016-07-03,65.04,89.8
551,2016-07-04,64.32,93.96
552,2016-07-05,67.18,95.64
553,2016-07-06,66.79,97.52
554,2016-07-07,67.66,94.38
555,2016-07-08,68.01,88.35
556,2016-07-09,68.33,91.51
557,2016-07-10,63.33,90.37
558,2016-07-11,63.01,90.01
559,2016-07-12,67.33,94.13
560,2016-07-13,67.93,95.58
561,2016-07-14,67.89,96.82
562,2016-07-15,67.88,97.25
563,2016-07-16,67.69,92.28
564,2016-07-17,62.83,92.63
565,2016-07-18,63.65,98.67
566,2016-07-19,67.97,96.28
567,2016-07-20,66.75,93.49
568,2016-07-21,66.99,92.86
569,2016-07-22,67.63,95.39
570,2016-07-23,67.47,93.31
571,2016-07-24,63.58,93.37
572,2016-07-25,63.84,99.69
573,2016-07-26,68.28,94.94
574,2016-07-27,68.31,94.86
575,2016-07-28,68.92,96.55
576,2016-07-29,68.93,96.57
577,2016-07-30,68.78,94.82
578,2016-07-31,67.58,90.7
579,2016-08-01,67.49,103.1
580,2016-08-02,68.38,102.38
581,2016-08-03,69.11,103.24
582,2016-08-04,69.82,102.01
583,2016-08-05,70.97,104.1
584,2016-08-06,73.68,95.15
585,2016-08-07,70.86,96.56
586,2016-08-08,68.72,101.11
587,2016-08-09,71.31,103.51
588,2016-08-10,74.58,104.11
589,2016-08-11,74.03,100.97
590,2016-08-12,75.49,105.38
591,2016-08-13,70.66,103.74
592,2016-08-14,69.82,96.56
593,2016-08-15,72.19,102.39
594,2016-08-16,74.14,102.87
595,2016-08-17,74.55,100.83
596,2016-08-18,73.54,104.32
597,2016-08-19,73.35,101.9
598,2016-08-20,70.86,99.88
599,2016-08-21,70.12,90.84
600,2016-08-22,73.62,100.2
601,2016-08-23,72.28,101.84
602,2016-08-24,72.92,100.93
603,2016-08-25,71.36,102.66
604,2016-08-26,70.77,102.6
605,2016-08-27,70.17,102.36
606,2016-08-28,68.58,100.28
607,2016-08-29,70.53,102.62
608,2016-08-30,68.7,100.52
609,2016-08-31,68.48,91.96
610,2016-09-01,71.33,95.28
611,2016-09-02,71.16,99.79
612,2016-09-03,73.89,100.11
613,2016-09-04,73.54,95.76
614,2016-09-05,73.4,95.26
615,2016-09-06,73.19,98.21
616,2016-09-07,73.54,98.69
617,2016-09-08,73.28,98.57
618,2016-09-09,73.52,97.58
619,2016-09-10,72.56,94.98
620,2016-09-11,71.21,97.87
621,2016-09-12,72.17,101.32
622,2016-09-13,71.56,97.39
623,2016-09-14,68.48,98.17
624,2016-09-15,37.55,86.6
625,2016-09-16,61.03,93.55
626,2016-09-17,66.93,95.21
627,2016-09-18,71.84,94.92
628,2016-09-19,73.93,103.93
629,2016-09-20,72.41,94.7
630,2016-09-21,71.69,95.37
631,2016-09-22,72.42,94.96
632,2016-09-23,71.95,98.71
633,2016-09-24,74.6,95.91
634,2016-09-25,72.62,98.93
635,2016-09-26,73.08,93.87
636,2016-09-27,73.75,98.95
637,2016-09-28,73.18,101.26
638,2016-09-29,73.2,100.4
639,2016-09-30,72.53,99.1
640,2016-10-01,74.48,99.21
641,2016-10-02,72.13,97.89
642,2016-10-03,73.77,100.3
643,2016-10-04,74.19,106.19
644,2016-10-05,73.97,95.27
645,2016-10-06,74.14,98.19
646,2016-10-07,74.24,96.1
647,2016-10-08,73.83,96.56
648,2016-10-09,72.57,96.76
649,2016-10-10,73.72,100.38
650,2016-10-11,73.83,95.38
651,2016-10-12,73.83,99.38
652,2016-10-13,73.65,94.2
653,2016-10-14,72.94,96.84
654,2016-10-15,73.46,91.79
655,2016-10-16,72.66,83.42
656,2016-10-17,73.54,96.47
657,2016-10-18,73.16,97.45
658,2016-10-19,73.01,93.93
659,2016-10-20,73.15,99.02
660,2016-10-21,73.64,98.25
661,2016-10-22,74.09,95.11
662,2016-10-23,71.81,94.27
663,2016-10-24,73.4,96.26
664,2016-10-25,72.91,98.44
665,2016-10-26,72.31,96.36
666,2016-10-27,72.59,94.58
667,2016-10-28,72.72,94.07
668,2016-10-29,72.51,92.5
669,2016-10-30,72.12,81.7
670,2016-10-31,72.35,95.06
671,2016-11-01,74.13,94.56
672,2016-11-02,74.48,104.84
673,2016-11-03,73.78,100.9
674,2016-11-04,74.84,94.67
675,2016-11-05,74.22,102.22
676,2016-11-06,72.23,105.08
677,2016-11-07,74.48,105.81
678,2016-11-08,75.04,101.22
679,2016-11-09,75.54,106.23
680,2016-11-10,75.76,110.05
681,2016-11-11,75.87,104.11
682,2016-11-12,74.63,99.94
683,2016-11-13,72.3,94.24
684,2016-11-14,75.17,102.35
685,2016-11-15,75.35,92.82
686,2016-11-16,74.63,99.08
687,2016-11-17,74.44,100.94
688,2016-11-18,74.5,94.48
689,2016-11-19,73.27,102.27
690,2016-11-20,71.75,103.75
691,2016-11-21,74.1,96.33
692,2016-11-22,75.51,85.96
693,2016-11-23,74.87,96.07
694,2016-11-24,75.67,96.75
695,2016-11-25,75.65,94.44
696,2016-11-26,76.3,96.59
697,2016-11-27,74.22,96.28
698,2016-11-28,76.03,94.97
699,2016-11-29,77.06,88.93
700,2016-11-30,77.03,85.0
701,2016-12-01,88.23,100.48
702,2016-12-02,87.81,104.06
703,2016-12-03,86.3,102.77
704,2016-12-04,84.99,101.15
705,2016-12-05,88.18,102.44
706,2016-12-06,87.83,107.11
707,2016-12-07,87.7,102.72
708,2016-12-08,87.29,100.0
709,2016-12-09,87.07,102.27
710,2016-12-10,86.5,104.82
711,2016-12-11,85.27,102.93
712,2016-12-12,87.41,102.4
713,2016-12-13,87.28,103.97
714,2016-12-14,87.92,103.33
715,2016-12-15,88.36,110.58
716,2016-12-16,87.99,101.76
717,2016-12-17,86.29,104.13
718,2016-12-18,84.83,109.42
719,2016-12-19,87.06,115.74
720,2016-12-20,88.16,105.88
721,2016-12-21,86.8,93.0
722,2016-12-22,87.01,95.6
723,2016-12-23,86.94,101.9
724,2016-12-24,83.65,104.02
725,2016-12-25,82.87,103.23
726,2016-12-26,85.24,105.73
727,2016-12-27,87.03,115.33
728,2016-12-28,87.39,101.9
729,2016-12-29,87.24,104.98
730,2016-12-30,86.81,101.21
731,2016-12-31,84.05,104.41
732,2017-01-01,76.26,103.01
733,2017-01-02,87.67,104.23
734,2017-01-03,87.82,101.69
735,2017-01-04,87.67,104.07
736,2017-01-05,87.32,101.22
737,2017-01-06,87.5,104.28
738,2017-01-07,85.48,103.42
739,2017-01-08,83.91,102.91
740,2017-01-09,87.4,114.03
741,2017-01-10,87.91,106.55
742,2017-01-11,87.89,110.5
743,2017-01-12,88.1,105.87
744,2017-01-13,88.52,109.6
745,2017-01-14,85.85,109.2
746,2017-01-15,84.68,104.33
747,2017-01-16,88.43,104.66
748,2017-01-17,88.44,102.92
749,2017-01-18,88.65,110.89
750,2017-01-19,89.62,107.58
751,2017-01-20,89.67,106.53
752,2017-01-21,87.27,105.79
753,2017-01-22,85.95,103.49
754,2017-01-23,89.78,113.9
755,2017-01-24,89.18,118.61
756,2017-01-25,88.71,110.17
757,2017-01-26,87.75,110.11
758,2017-01-27,84.06,100.24
759,2017-01-28,67.97,104.87
760,2017-01-29,63.07,89.24
761,2017-01-30,82.31,103.35
762,2017-01-31,87.79,104.6
763,2017-02-01,92.59,125.05
764,2017-02-02,91.89,132.36
765,2017-02-03,91.76,119.14
766,2017-02-04,89.73,126.91
767,2017-02-05,87.79,123.64
768,2017-02-06,92.0,116.15
769,2017-02-07,91.32,121.73
770,2017-02-08,91.03,117.52
771,2017-02-09,91.77,122.87
772,2017-02-10,91.85,128.2
773,2017-02-11,89.72,129.74
774,2017-02-12,87.59,115.89
775,2017-02-13,91.57,118.53
776,2017-02-14,91.27,127.13
777,2017-02-15,91.26,122.32
778,2017-02-16,90.94,107.06
779,2017-02-17,91.39,113.44
780,2017-02-18,90.12,119.94
781,2017-02-19,88.08,120.76
782,2017-02-20,91.91,121.8
783,2017-02-21,91.24,120.76
784,2017-02-22,91.11,126.95
785,2017-02-23,91.13,124.0
786,2017-02-24,91.33,116.7
787,2017-02-25,88.9,107.61
788,2017-02-26,87.31,116.5
789,2017-02-27,91.1,118.97
790,2017-02-28,90.94,128.75
791,2017-03-01,91.97,136.84
792,2017-03-02,92.64,119.2
793,2017-03-03,92.49,116.33
794,2017-03-04,90.47,132.11
795,2017-03-05,89.03,136.42
796,2017-03-06,91.71,135.34
797,2017-03-07,92.79,135.49
798,2017-03-08,92.55,133.46
799,2017-03-09,92.54,118.82
800,2017-03-10,92.87,133.88
801,2017-03-11,91.45,134.51
802,2017-03-12,89.49,128.14
803,2017-03-13,93.32,113.95
804,2017-03-14,93.35,126.33
805,2017-03-15,92.61,121.81
806,2017-03-16,92.46,127.98
807,2017-03-17,92.4,133.49
808,2017-03-18,89.88,129.53
809,2017-03-19,88.17,130.88
810,2017-03-20,91.41,130.45
811,2017-03-21,91.98,115.29
812,2017-03-22,92.55,132.63
813,2017-03-23,91.97,135.34
814,2017-03-24,91.91,134.35
815,2017-03-25,90.16,136.45
816,2017-03-26,86.92,135.55
817,2017-03-27,90.76,133.9
818,2017-03-28,92.24,120.46
819,2017-03-29,92.5,134.2
820,2017-03-30,92.49,136.43
821,2017-03-31,92.03,132.97
822,2017-04-01,75.77,125.93
823,2017-04-02,73.0,127.4
824,2017-04-03,77.4,120.25
825,2017-04-04,76.65,126.94
826,2017-04-05,77.05,123.18
827,2017-04-06,76.32,123.93
828,2017-04-07,75.92,124.81
829,2017-04-08,74.54,108.41
830,2017-04-09,67.82,128.37
831,2017-04-10,73.95,127.19
832,2017-04-11,75.96,122.99
833,2017-04-12,75.82,106.57
834,2017-04-13,76.28,120.35
835,2017-04-14,76.33,124.62
836,2017-04-15,74.31,126.39
837,2017-04-16,69.07,124.21
838,2017-04-17,75.8,122.08
839,2017-04-18,76.86,90.08
840,2017-04-19,76.79,104.4
841,2017-04-20,76.48,124.59
842,2017-04-21,76.23,108.28
843,2017-04-22,74.15,128.67
844,2017-04-23,66.83,124.03
845,2017-04-24,76.21,123.77
846,2017-04-25,75.68,121.85
847,2017-04-26,76.08,125.06
848,2017-04-27,76.92,123.91
849,2017-04-28,76.41,128.4
850,2017-04-29,74.35,126.49
851,2017-04-30,65.41,121.12
852,2017-05-01,71.46,116.83
853,2017-05-02,80.14,117.9
854,2017-05-03,76.36,117.25
855,2017-05-04,82.84,103.81
856,2017-05-05,74.72,114.41
857,2017-05-06,74.32,115.79
858,2017-05-07,64.63,99.99
859,2017-05-08,79.92,123.59
860,2017-05-09,81.21,119.87
861,2017-05-10,79.42,118.5
862,2017-05-11,83.23,121.63
863,2017-05-12,83.23,117.2
864,2017-05-13,81.52,105.94
865,2017-05-14,63.32,109.81
866,2017-05-15,79.13,118.3
867,2017-05-16,82.93,119.39
868,2017-05-17,82.72,115.74
869,2017-05-18,82.67,116.23
870,2017-05-19,83.24,120.53
871,2017-05-20,81.19,121.16
872,2017-05-21,67.56,117.58
873,2017-05-22,78.03,120.82
874,2017-05-23,81.64,125.06
875,2017-05-24,81.84,118.99
876,2017-05-25,81.35,123.06
877,2017-05-26,81.64,125.24
878,2017-05-27,77.46,121.54
879,2017-05-28,65.64,119.08
880,2017-05-29,78.29,121.02
881,2017-05-30,83.22,123.96
882,2017-05-31,83.96,125.24
883,2017-06-01,85.73,118.69
884,2017-06-02,84.44,120.46
885,2017-06-03,82.59,127.72
886,2017-06-04,79.38,127.06
887,2017-06-05,81.29,129.33
888,2017-06-06,82.58,124.73
889,2017-06-07,80.47,130.51
890,2017-06-08,84.11,127.63
891,2017-06-09,84.29,129.56
892,2017-06-10,81.85,124.07
893,2017-06-11,72.93,120.18
894,2017-06-12,79.64,119.63
895,2017-06-13,82.91,116.93
896,2017-06-14,82.62,121.54
897,2017-06-15,83.82,119.97
898,2017-06-16,83.5,128.14
899,2017-06-17,83.46,123.24
900,2017-06-18,79.1,128.15
901,2017-06-19,83.25,120.07
902,2017-06-20,84.84,121.01
903,2017-06-21,84.47,123.18
904,2017-06-22,84.39,121.0
905,2017-06-23,84.25,119.67
906,2017-06-24,80.97,122.5
907,2017-06-25,72.7,124.77
908,2017-06-26,77.89,121.78
909,2017-06-27,84.78,123.8
910,2017-06-28,84.19,123.18
911,2017-06-29,84.11,122.7
912,2017-06-30,84.17,125.54
913,2017-07-01,75.66,122.23
914,2017-07-02,69.27,121.94
915,2017-07-03,74.04,123.66
916,2017-07-04,76.19,125.65
917,2017-07-05,77.4,123.43
918,2017-07-06,76.99,123.02
919,2017-07-07,75.48,127.7
920,2017-07-08,73.25,117.36
921,2017-07-09,69.78,117.17
922,2017-07-10,75.29,118.37
923,2017-07-11,77.98,123.57
924,2017-07-12,78.27,127.27
925,2017-07-13,78.62,123.74
926,2017-07-14,79.15,122.25
927,2017-07-15,77.18,123.42
928,2017-07-16,72.27,119.67
929,2017-07-17,76.45,118.53
930,2017-07-18,78.95,129.24
931,2017-07-19,79.17,124.26
932,2017-07-20,79.49,123.97
933,2017-07-21,80.09,125.67
934,2017-07-22,78.32,122.3
935,2017-07-23,72.15,120.8
936,2017-07-24,77.23,124.23
937,2017-07-25,80.74,127.41
938,2017-07-26,79.45,129.59
939,2017-07-27,78.97,129.21
940,2017-07-28,78.83,125.85
941,2017-07-29,72.32,124.12
942,2017-07-30,67.36,122.64
943,2017-07-31,71.15,126.18
944,2017-08-01,73.62,121.47
945,2017-08-02,74.04,120.54
946,2017-08-03,75.65,120.06
947,2017-08-04,77.25,122.05
948,2017-08-05,74.91,122.0
949,2017-08-06,71.0,117.82
950,2017-08-07,76.62,120.28
951,2017-08-08,79.41,122.07
952,2017-08-09,79.84,123.98
953,2017-08-10,79.45,121.73
954,2017-08-11,79.2,121.61
955,2017-08-12,75.42,120.77
956,2017-08-13,71.36,118.02
957,2017-08-14,75.87,121.42
958,2017-08-15,74.98,121.14
959,2017-08-16,76.13,124.05
960,2017-08-17,77.68,121.69
961,2017-08-18,77.65,120.09
962,2017-08-19,74.59,121.79
963,2017-08-20,70.23,112.76
964,2017-08-21,75.15,119.85
965,2017-08-22,76.89,121.46
966,2017-08-23,77.31,121.19
967,2017-08-24,77.25,123.75
968,2017-08-25,79.49,124.42
969,2017-08-26,74.4,119.01
970,2017-08-27,69.21,118.12
971,2017-08-28,75.48,122.62
972,2017-08-29,77.95,120.46
973,2017-08-30,76.11,116.87
974,2017-08-31,74.37,115.15
975,2017-09-01,74.14,117.05
976,2017-09-02,71.67,113.07
977,2017-09-03,60.05,111.6
978,2017-09-04,73.69,120.06
979,2017-09-05,75.34,109.16
980,2017-09-06,76.19,110.86
981,2017-09-07,74.49,110.33
982,2017-09-08,75.48,112.58
983,2017-09-09,71.37,112.59
984,2017-09-10,59.69,113.77
985,2017-09-11,73.84,117.25
986,2017-09-12,74.95,117.64
987,2017-09-13,74.89,119.54
988,2017-09-14,73.91,110.16
989,2017-09-15,74.72,116.55
990,2017-09-16,72.08,113.3
991,2017-09-17,64.28,110.08
992,2017-09-18,74.47,103.89
993,2017-09-19,75.18,106.15
994,2017-09-20,76.22,104.74
995,2017-09-21,75.55,112.16
996,2017-09-22,77.46,104.97
997,2017-09-23,73.24,93.88
998,2017-09-24,64.45,101.91
999,2017-09-25,74.39,113.07
1000,2017-09-26,76.61,117.28
1001,2017-09-27,75.82,110.19
1002,2017-09-28,75.45,117.51
1003,2017-09-29,73.2,116.14
1004,2017-09-30,63.93,114.31
1005,2017-10-01,53.83,107.48
1006,2017-10-02,59.8,121.27
1007,2017-10-03,52.43,111.85
1008,2017-10-04,51.91,109.98
1009,2017-10-05,52.87,104.63
1010,2017-10-06,53.73,115.78
1011,2017-10-07,54.02,115.45
1012,2017-10-08,58.04,108.02
1013,2017-10-09,67.86,116.75
1014,2017-10-10,73.76,108.71
1015,2017-10-11,75.02,105.06
1016,2017-10-12,77.82,113.76
1017,2017-10-13,78.68,124.77
1018,2017-10-14,75.77,119.91
1019,2017-10-15,64.69,120.4
1020,2017-10-16,73.46,122.9
1021,2017-10-17,80.02,119.77
1022,2017-10-18,80.95,118.52
1023,2017-10-19,82.08,119.88
1024,2017-10-20,81.45,119.91
1025,2017-10-21,79.69,121.84
1026,2017-10-22,69.58,113.9
1027,2017-10-23,78.3,119.5
1028,2017-10-24,79.97,111.9
1029,2017-10-25,79.47,113.54
1030,2017-10-26,79.64,124.19
1031,2017-10-27,81.61,115.22
1032,2017-10-28,80.27,111.98
1033,2017-10-29,72.11,109.61
1034,2017-10-30,79.69,122.89
1035,2017-10-31,81.33,124.93
1036,2017-11-01,82.01,117.55
1037,2017-11-02,81.96,116.22
1038,2017-11-03,82.35,114.3
1039,2017-11-04,80.63,126.87
1040,2017-11-05,71.99,87.35
1041,2017-11-06,79.76,104.32
1042,2017-11-07,82.08,118.57
1043,2017-11-08,81.79,116.51
1044,2017-11-09,82.15,116.3
1045,2017-11-10,82.02,113.84
1046,2017-11-11,79.28,102.48
1047,2017-11-12,68.63,115.24
1048,2017-11-13,78.18,120.14
1049,2017-11-14,82.15,114.92
1050,2017-11-15,82.69,114.45
1051,2017-11-16,82.45,118.51
1052,2017-11-17,82.01,112.61
1053,2017-11-18,80.3,106.51
1054,2017-11-19,76.85,120.42
1055,2017-11-20,80.94,125.0
1056,2017-11-21,82.38,117.19
1057,2017-11-22,83.07,121.54
1058,2017-11-23,83.49,123.92
1059,2017-11-24,83.22,129.95
1060,2017-11-25,82.11,107.81
1061,2017-11-26,80.79,112.29
1062,2017-11-27,82.69,124.58
1063,2017-11-28,83.04,129.2
1064,2017-11-29,83.44,126.89
1065,2017-11-30,83.54,114.24
1066,2017-12-01,90.81,122.11
1067,2017-12-02,88.46,128.38
1068,2017-12-03,87.42,123.49
1069,2017-12-04,89.91,127.22
1070,2017-12-05,91.03,129.79
1071,2017-12-06,92.18,123.39
1072,2017-12-07,91.11,124.44
1073,2017-12-08,91.37,129.66
1074,2017-12-09,89.32,129.09
1075,2017-12-10,87.3,129.23
1076,2017-12-11,91.25,117.4
1077,2017-12-12,90.92,124.96
1078,2017-12-13,91.57,130.77
1079,2017-12-14,90.89,124.44
1080,2017-12-15,92.12,120.15
1081,2017-12-16,90.03,129.56
1082,2017-12-17,88.45,120.76
1083,2017-12-18,91.49,123.37
1084,2017-12-19,92.51,130.2
1085,2017-12-20,91.16,126.08
1086,2017-12-21,91.49,171.81
1087,2017-12-22,92.29,128.89
1088,2017-12-23,89.71,120.9
1089,2017-12-24,88.73,116.47
1090,2017-12-25,87.36,130.23
1091,2017-12-26,91.7,123.11
1092,2017-12-27,91.19,127.75
1093,2017-12-28,90.71,126.3
1094,2017-12-29,91.01,130.35
1095,2017-12-30,89.29,122.28
1096,2017-12-31,86.49,118.22
1097,2018-01-01,84.88,117.67
1098,2018-01-02,92.57,132.24
1099,2018-01-03,92.34,132.51
1100,2018-01-04,92.14,135.64
1101,2018-01-05,92.42,133.32
1102,2018-01-06,91.14,129.52
1103,2018-01-07,88.42,125.42
1104,2018-01-08,92.71,133.42
1105,2018-01-09,92.61,135.69
1106,2018-01-10,92.9,136.18
1107,2018-01-11,93.89,137.71
1108,2018-01-12,93.15,136.3
1109,2018-01-13,91.16,131.08
1110,2018-01-14,89.23,130.96
1111,2018-01-15,92.17,127.0
1112,2018-01-16,92.88,133.29
1113,2018-01-17,91.88,131.1
1114,2018-01-18,91.72,134.18
1115,2018-01-19,91.71,140.18
1116,2018-01-20,89.4,137.89
1117,2018-01-21,88.11,134.34
1118,2018-01-22,91.19,134.87
1119,2018-01-23,92.63,135.31
1120,2018-01-24,92.47,137.35
1121,2018-01-25,93.36,137.66
1122,2018-01-26,94.01,138.26
1123,2018-01-27,91.31,133.84
1124,2018-01-28,89.11,129.54
1125,2018-01-29,92.79,134.22
1126,2018-01-30,93.85,134.35
1127,2018-01-31,93.37,131.13
1128,2018-02-01,93.21,132.71
1129,2018-02-02,92.96,134.19
1130,2018-02-03,91.45,131.39
1131,2018-02-04,90.02,131.89
1132,2018-02-05,92.55,137.96
1133,2018-02-06,93.41,140.06
1134,2018-02-07,92.98,132.76
1135,2018-02-08,93.12,132.91
1136,2018-02-09,93.69,126.95
1137,2018-02-10,93.04,130.1
1138,2018-02-11,90.12,127.0
1139,2018-02-12,93.63,138.91
1140,2018-02-13,93.1,132.89
1141,2018-02-14,91.05,132.9
1142,2018-02-15,80.72,129.99
1143,2018-02-16,68.88,121.13
1144,2018-02-17,70.23,126.44
1145,2018-02-18,80.11,130.39
1146,2018-02-19,91.47,133.35
1147,2018-02-20,93.02,125.54
1148,2018-02-21,93.34,134.82
1149,2018-02-22,92.33,134.31
1150,2018-02-23,92.29,128.36
1151,2018-02-24,91.06,125.61
1152,2018-02-25,87.74,126.36
1153,2018-02-26,91.68,131.38
1154,2018-02-27,91.65,129.76
1155,2018-02-28,91.46,130.85
1156,2018-03-01,98.78,134.24
1157,2018-03-02,102.33,138.56
1158,2018-03-03,100.83,133.78
1159,2018-03-04,98.49,128.29
1160,2018-03-05,102.67,135.75
1161,2018-03-06,102.72,134.07
1162,2018-03-07,102.92,132.96
1163,2018-03-08,102.72,128.11
1164,2018-03-09,102.83,137.74
1165,2018-03-10,101.64,130.04
1166,2018-03-11,99.4,124.04
1167,2018-03-12,102.71,124.43
1168,2018-03-13,102.28,123.89
1169,2018-03-14,101.71,125.3
1170,2018-03-15,101.58,132.88
1171,2018-03-16,101.79,131.0
1172,2018-03-17,98.35,143.32
1173,2018-03-18,96.4,133.31
1174,2018-03-19,99.91,131.33
1175,2018-03-20,101.51,130.42
1176,2018-03-21,102.06,134.24
1177,2018-03-22,101.73,135.83
1178,2018-03-23,102.48,132.32
1179,2018-03-24,102.94,129.99
1180,2018-03-25,98.04,127.22
1181,2018-03-26,101.86,129.68
1182,2018-03-27,101.49,125.03
1183,2018-03-28,100.95,129.51
1184,2018-03-29,100.83,136.7
1185,2018-03-30,99.96,133.94
1186,2018-03-31,98.23,135.34
1187,2018-04-01,87.07,129.73
1188,2018-04-02,89.97,128.9
1189,2018-04-03,90.58,128.96
1190,2018-04-04,91.06,128.51
1191,2018-04-05,91.52,128.94
1192,2018-04-06,91.29,128.48
1193,2018-04-07,88.34,130.96
1194,2018-04-08,86.79,132.52
1195,2018-04-09,90.33,130.04
1196,2018-04-10,91.52,127.17
1197,2018-04-11,91.54,123.6
1198,2018-04-12,91.5,122.15
1199,2018-04-13,91.5,127.18
1200,2018-04-14,89.14,118.1
1201,2018-04-15,87.56,118.32
1202,2018-04-16,91.7,126.7
1203,2018-04-17,92.38,128.95
1204,2018-04-18,91.84,129.06
1205,2018-04-19,91.66,131.39
1206,2018-04-20,91.51,126.6
1207,2018-04-21,88.78,129.26
1208,2018-04-22,86.9,126.33
1209,2018-04-23,92.04,130.0
1210,2018-04-24,92.47,130.2
1211,2018-04-25,92.59,130.26
1212,2018-04-26,93.24,130.28
1213,2018-04-27,91.73,128.72
1214,2018-04-28,88.71,126.08
1215,2018-04-29,87.43,126.07
1216,2018-04-30,89.59,125.65
1217,2018-05-01,87.44,124.66
1218,2018-05-02,90.12,124.41
1219,2018-05-03,88.38,125.97
1220,2018-05-04,88.63,125.36
1221,2018-05-05,85.44,125.65
1222,2018-05-06,82.14,120.98
1223,2018-05-07,82.68,124.83
1224,2018-05-08,87.88,128.58
1225,2018-05-09,89.25,128.99
1226,2018-05-10,89.4,127.54
1227,2018-05-11,88.5,127.95
1228,2018-05-12,87.51,124.47
1229,2018-05-13,83.92,122.69
1230,2018-05-14,87.71,129.57
1231,2018-05-15,89.51,128.76
1232,2018-05-16,90.42,128.5
1233,2018-05-17,89.7,127.86
1234,2018-05-18,89.03,131.27
1235,2018-05-19,83.36,126.92
1236,2018-05-20,71.7,105.71
1237,2018-05-21,82.43,130.97
1238,2018-05-22,86.29,133.14
1239,2018-05-23,88.65,137.1
1240,2018-05-24,89.98,145.74
1241,2018-05-25,88.07,134.43
1242,2018-05-26,88.16,129.48
1243,2018-05-27,88.53,135.18
1244,2018-05-28,87.78,133.92
1245,2018-05-29,88.53,138.52
1246,2018-05-30,88.56,140.81
1247,2018-05-31,87.79,132.31
1248,2018-06-01,91.99,144.78
1249,2018-06-02,89.11,134.85
1250,2018-06-03,86.57,134.25
1251,2018-06-04,91.09,141.64
1252,2018-06-05,92.33,140.21
1253,2018-06-06,88.55,134.7
1254,2018-06-07,91.29,145.34
1255,2018-06-08,91.82,140.51
1256,2018-06-09,89.62,141.16
1257,2018-06-10,83.57,142.21
1258,2018-06-11,88.83,144.93
1259,2018-06-12,90.71,142.29
1260,2018-06-13,88.93,140.6
1261,2018-06-14,90.66,144.33
1262,2018-06-15,90.6,135.96
1263,2018-06-16,87.26,135.25
1264,2018-06-17,81.69,139.19
1265,2018-06-18,88.22,140.62
1266,2018-06-19,90.54,141.52
1267,2018-06-20,90.5,140.43
1268,2018-06-21,90.42,146.03
1269,2018-06-22,90.37,144.27
1270,2018-06-23,87.97,136.96
1271,2018-06-24,81.59,137.05
1272,2018-06-25,88.72,143.37
1273,2018-06-26,90.81,141.39
1274,2018-06-27,90.75,142.24
1275,2018-06-28,90.82,139.11
1276,2018-06-29,91.65,138.47
1277,2018-06-30,86.92,135.26
1278,2018-07-01,77.39,153.22
1279,2018-07-02,86.16,148.69
1280,2018-07-03,88.55,143.05
1281,2018-07-04,88.5,142.34
1282,2018-07-05,87.9,132.74
1283,2018-07-06,86.64,139.86
1284,2018-07-07,80.8,145.15
1285,2018-07-08,66.92,130.17
1286,2018-07-09,82.56,132.78
1287,2018-07-10,84.23,153.14
1288,2018-07-11,84.43,153.37
1289,2018-07-12,85.06,157.29
1290,2018-07-13,86.02,154.04
1291,2018-07-14,82.16,157.14
1292,2018-07-15,73.39,148.33
1293,2018-07-16,85.35,154.81
1294,2018-07-17,89.92,159.18
1295,2018-07-18,89.43,155.71
1296,2018-07-19,90.34,158.08
1297,2018-07-20,91.87,164.65
1298,2018-07-21,87.08,156.28
1299,2018-07-22,79.79,153.98
1300,2018-07-23,88.08,164.75
1301,2018-07-24,92.12,160.71
1302,2018-07-25,91.29,158.57
1303,2018-07-26,95.78,160.8
1304,2018-07-27,95.16,161.61
1305,2018-07-28,90.67,155.69
1306,2018-07-29,82.56,154.16
1307,2018-07-30,87.53,157.47
1308,2018-07-31,90.47,161.64
1309,2018-08-01,90.99,162.28
1310,2018-08-02,89.67,162.43
1311,2018-08-03,90.34,161.79
1312,2018-08-04,88.32,162.27
1313,2018-08-05,83.41,157.76
1314,2018-08-06,89.85,166.06
1315,2018-08-07,94.28,159.01
1316,2018-08-08,93.87,166.09
1317,2018-08-09,93.46,166.85
1318,2018-08-10,92.65,163.26
1319,2018-08-11,91.9,159.61
1320,2018-08-12,86.14,156.64
1321,2018-08-13,91.0,166.37
1322,2018-08-14,93.7,164.43
1323,2018-08-15,89.35,163.58
1324,2018-08-16,89.47,159.37
1325,2018-08-17,92.1,159.15
1326,2018-08-18,89.12,157.84
1327,2018-08-19,82.57,150.05
1328,2018-08-20,90.8,160.14
1329,2018-08-21,91.67,156.51
1330,2018-08-22,91.88,151.56
1331,2018-08-23,93.37,154.32
1332,2018-08-24,93.19,161.45
1333,2018-08-25,87.59,146.93
1334,2018-08-26,78.3,152.21
1335,2018-08-27,87.96,158.96
1336,2018-08-28,91.51,160.68
1337,2018-08-29,91.09,160.84
1338,2018-08-30,91.52,159.08
1339,2018-08-31,91.45,157.16
1340,2018-09-01,96.56,159.37
1341,2018-09-02,87.36,160.98
1342,2018-09-03,92.95,164.31
1343,2018-09-04,98.84,167.35
1344,2018-09-05,98.48,165.95
1345,2018-09-06,98.65,163.21
1346,2018-09-07,98.18,160.74
1347,2018-09-08,96.88,163.1
1348,2018-09-09,90.53,160.6
1349,2018-09-10,95.98,164.46
1350,2018-09-11,96.88,153.44
1351,2018-09-12,96.85,154.31
1352,2018-09-13,97.33,159.42
1353,2018-09-14,97.58,152.8
1354,2018-09-15,95.96,156.98
1355,2018-09-16,83.38,149.37
1356,2018-09-17,90.9,142.54
1357,2018-09-18,96.47,161.28
1358,2018-09-19,96.54,164.38
1359,2018-09-20,96.15,168.13
1360,2018-09-21,95.89,163.15
1361,2018-09-22,87.27,168.32
1362,2018-09-23,61.72,166.88
1363,2018-09-24,61.59,159.74
1364,2018-09-25,65.57,163.38
1365,2018-09-26,76.71,165.43
1366,2018-09-27,90.62,164.26
1367,2018-09-28,97.51,172.56
1368,2018-09-29,97.21,169.26
1369,2018-09-30,94.22,162.18
1370,2018-10-01,100.97,162.93
1371,2018-10-02,103.61,160.02
1372,2018-10-03,101.71,156.42
1373,2018-10-04,101.81,149.29
1374,2018-10-05,102.5,156.58
1375,2018-10-06,102.76,156.5
1376,2018-10-07,97.93,151.21
1377,2018-10-08,101.74,156.0
1378,2018-10-09,101.18,156.04
1379,2018-10-10,102.97,155.69
1380,2018-10-11,103.1,163.67
1381,2018-10-12,101.93,163.03
1382,2018-10-13,100.17,147.91
1383,2018-10-14,95.75,152.53
1384,2018-10-15,101.17,159.02
1385,2018-10-16,102.81,158.66
1386,2018-10-17,102.5,164.75
1387,2018-10-18,103.29,165.93
1388,2018-10-19,104.51,163.96
1389,2018-10-20,101.63,158.1
1390,2018-10-21,97.88,159.32
1391,2018-10-22,102.43,163.55
1392,2018-10-23,104.02,162.86
1393,2018-10-24,104.07,162.01
1394,2018-10-25,103.32,160.86
1395,2018-10-26,103.31,164.69
1396,2018-10-27,100.98,160.75
1397,2018-10-28,97.44,159.61
1398,2018-10-29,100.97,162.77
1399,2018-10-30,102.38,155.85
1400,2018-10-31,102.28,157.79
1401,2018-11-01,105.65,168.74
1402,2018-11-02,104.64,161.82
1403,2018-11-03,102.97,163.33
1404,2018-11-04,95.76,165.42
1405,2018-11-05,103.18,168.12
1406,2018-11-06,105.51,168.46
1407,2018-11-07,105.6,161.39
1408,2018-11-08,105.73,160.19
1409,2018-11-09,105.73,163.48
1410,2018-11-10,103.34,166.77
1411,2018-11-11,100.58,152.12
1412,2018-11-12,104.97,165.63
1413,2018-11-13,105.29,162.92
1414,2018-11-14,105.4,164.99
1415,2018-11-15,106.86,159.4
1416,2018-11-16,106.37,154.59
1417,2018-11-17,102.05,156.76
1418,2018-11-18,98.99,148.43
1419,2018-11-19,104.5,154.05
1420,2018-11-20,105.79,156.51
1421,2018-11-21,106.18,154.65
1422,2018-11-22,106.72,156.96
1423,2018-11-23,107.11,162.23
1424,2018-11-24,103.71,152.31
1425,2018-11-25,102.29,153.78
1426,2018-11-26,105.17,154.21
1427,2018-11-27,105.71,155.4
1428,2018-11-28,105.74,163.78
1429,2018-11-29,105.99,162.1
1430,2018-11-30,105.71,164.16
1431,2018-12-01,107.74,169.49
1432,2018-12-02,100.45,161.04
1433,2018-12-03,107.47,173.87
1434,2018-12-04,109.88,175.42
1435,2018-12-05,110.12,170.85
1436,2018-12-06,110.26,174.03
1437,2018-12-07,111.86,178.78
1438,2018-12-08,107.3,168.4
1439,2018-12-09,102.23,168.12
1440,2018-12-10,107.42,176.1
1441,2018-12-11,110.88,170.77
1442,2018-12-12,111.53,175.2
1443,2018-12-13,112.26,174.66
1444,2018-12-14,112.62,173.6
1445,2018-12-15,109.3,173.94
1446,2018-12-16,107.18,166.51
1447,2018-12-17,112.2,166.48
1448,2018-12-18,111.77,172.24
1449,2018-12-19,112.34,167.02
1450,2018-12-20,112.26,168.83
1451,2018-12-21,111.31,173.92
1452,2018-12-22,,
1453,2018-12-23,105.61,170.15
1454,2018-12-24,108.86,170.59
1455,2018-12-25,105.35,169.78
1456,2018-12-26,111.48,172.32
1457,2018-12-27,112.25,174.74
1458,2018-12-28,111.68,180.16
1459,2018-12-29,109.37,171.66
1460,2018-12-30,105.89,175.13
1461,2018-12-31,104.8,170.41
1462,2019-01-01,98.96,138.28
1463,2019-01-02,111.76,158.79
1464,2019-01-03,111.74,155.71
1465,2019-01-04,112.3,157.04
1466,2019-01-05,109.65,147.77
1467,2019-01-06,106.28,152.83
1468,2019-01-07,111.22,160.03
1469,2019-01-08,112.27,153.94
1470,2019-01-09,112.7,160.34
1471,2019-01-10,112.07,161.03
1472,2019-01-11,112.02,158.77
1473,2019-01-12,109.43,160.42
1474,2019-01-13,106.65,155.67
1475,2019-01-14,111.48,159.58
1476,2019-01-15,112.32,159.06
1477,2019-01-16,112.32,162.0
1478,2019-01-17,112.16,161.14
1479,2019-01-18,111.73,157.9
1480,2019-01-19,109.56,158.5
1481,2019-01-20,106.55,151.87
1482,2019-01-21,111.68,162.12
1483,2019-01-22,112.0,159.34
1484,2019-01-23,112.08,159.2
1485,2019-01-24,111.97,161.19
1486,2019-01-25,111.76,161.04
1487,2019-01-26,110.13,158.62
1488,2019-01-27,109.25,154.61
1489,2019-01-28,111.26,159.11
1490,2019-01-29,112.03,163.04
1491,2019-01-30,112.01,155.18
1492,2019-01-31,112.2,156.54
1493,2019-02-01,109.06,133.5
1494,2019-02-02,106.76,136.94
1495,2019-02-03,93.71,134.62
1496,2019-02-04,85.4,131.18
1497,2019-02-05,71.26,121.25
1498,2019-02-06,81.97,129.16
1499,2019-02-07,106.39,136.11
1500,2019-02-08,108.61,139.99
1501,2019-02-09,106.71,140.41
1502,2019-02-10,106.06,142.92
1503,2019-02-11,109.72,141.05
1504,2019-02-12,109.08,137.83
1505,2019-02-13,109.59,136.21
1506,2019-02-14,109.74,132.76
1507,2019-02-15,109.68,135.95
1508,2019-02-16,108.31,135.76
1509,2019-02-17,105.37,135.17
1510,2019-02-18,109.95,137.37
1511,2019-02-19,109.99,133.36
1512,2019-02-20,109.68,136.44
1513,2019-02-21,109.27,138.76
1514,2019-02-22,109.34,136.38
1515,2019-02-23,106.64,141.01
1516,2019-02-24,102.75,133.31
1517,2019-02-25,109.12,141.62
1518,2019-02-26,109.18,142.52
1519,2019-02-27,108.37,140.02
1520,2019-02-28,108.21,135.37
1521,2019-03-01,112.18,142.02
1522,2019-03-02,107.14,130.13
1523,2019-03-03,107.13,127.65
1524,2019-03-04,113.46,133.49
1525,2019-03-05,113.67,133.66
1526,2019-03-06,113.54,134.74
1527,2019-03-07,113.26,134.71
1528,2019-03-08,113.51,132.78
1529,2019-03-09,110.83,126.69
1530,2019-03-10,108.41,126.03
1531,2019-03-11,112.48,133.41
1532,2019-03-12,113.91,130.22
1533,2019-03-13,113.21,143.1
1534,2019-03-14,113.38,139.75
1535,2019-03-15,114.33,150.07
1536,2019-03-16,111.18,152.46
1537,2019-03-17,108.68,145.13
1538,2019-03-18,114.48,151.62
1539,2019-03-19,113.6,150.87
1540,2019-03-20,114.31,151.11
1541,2019-03-21,114.45,147.59
1542,2019-03-22,114.02,152.1
1543,2019-03-23,111.09,149.78
1544,2019-03-24,107.92,147.13
1545,2019-03-25,113.36,150.11
1546,2019-03-26,112.47,143.25
1547,2019-03-27,112.77,139.69
1548,2019-03-28,112.81,148.23
1549,2019-03-29,112.7,149.46
1550,2019-03-30,110.37,149.03
1551,2019-03-31,105.69,149.14
1552,2019-04-01,99.69,147.73
1553,2019-04-02,100.84,148.66
1554,2019-04-03,101.16,147.43
1555,2019-04-04,100.44,145.53
1556,2019-04-05,100.45,146.23
1557,2019-04-06,97.68,146.13
1558,2019-04-07,95.35,142.17
1559,2019-04-08,99.75,145.95
1560,2019-04-09,100.46,151.2
1561,2019-04-10,100.79,153.01
1562,2019-04-11,101.09,150.53
1563,2019-04-12,100.55,146.84
1564,2019-04-13,97.56,156.28
1565,2019-04-14,95.82,147.16
1566,2019-04-15,100.38,148.11
1567,2019-04-16,100.44,144.93
1568,2019-04-17,100.79,147.63
1569,2019-04-18,101.4,145.67
1570,2019-04-19,100.19,147.53
1571,2019-04-20,96.82,144.4
1572,2019-04-21,88.17,147.07
1573,2019-04-22,97.59,148.23
1574,2019-04-23,99.59,147.19
1575,2019-04-24,99.33,146.58
1576,2019-04-25,100.45,147.04
1577,2019-04-26,100.66,145.24
1578,2019-04-27,98.09,149.72
1579,2019-04-28,91.28,146.72
1580,2019-04-29,97.45,146.38
1581,2019-04-30,98.29,147.02
1582,2019-05-01,77.89,139.95
1583,2019-05-02,80.93,147.09
1584,2019-05-03,81.2,145.75
1585,2019-05-04,77.28,143.88
1586,2019-05-05,77.68,139.69
1587,2019-05-06,77.93,143.51
1588,2019-05-07,80.3,138.94
1589,2019-05-08,81.57,142.56
1590,2019-05-09,80.97,142.51
1591,2019-05-10,80.82,145.78
1592,2019-05-11,78.1,141.83
1593,2019-05-12,75.38,139.58
1594,2019-05-13,80.27,141.0
1595,2019-05-14,80.89,142.65
1596,2019-05-15,80.25,163.91
1597,2019-05-16,79.63,147.22
1598,2019-05-17,79.74,145.18
1599,2019-05-18,77.43,145.17
1600,2019-05-19,70.77,147.62
1601,2019-05-20,78.33,147.84
1602,2019-05-21,79.86,144.42
1603,2019-05-22,79.49,139.72
1604,2019-05-23,79.97,141.28
1605,2019-05-24,80.94,142.97
1606,2019-05-25,79.42,149.16
1607,2019-05-26,74.07,143.77
1608,2019-05-27,78.69,145.98
1609,2019-05-28,79.32,149.97
1610,2019-05-29,79.09,148.34
1611,2019-05-30,78.99,147.88
1612,2019-05-31,77.93,145.36
1613,2019-06-01,76.89,145.29
1614,2019-06-02,70.47,141.84
1615,2019-06-03,78.7,142.62
1616,2019-06-04,79.47,162.13
1617,2019-06-05,79.8,173.58
1618,2019-06-06,77.72,156.12
1619,2019-06-07,77.01,169.61
1620,2019-06-08,76.28,150.12
1621,2019-06-09,68.72,145.95
1622,2019-06-10,77.1,154.07
1623,2019-06-11,79.51,144.27
1624,2019-06-12,79.38,145.67
1625,2019-06-13,79.41,153.81
1626,2019-06-14,79.55,151.72
1627,2019-06-15,77.84,146.89
1628,2019-06-16,69.79,145.13
1629,2019-06-17,78.37,187.17
1630,2019-06-18,80.53,207.73
1631,2019-06-19,80.51,211.85
1632,2019-06-20,80.69,214.56
1633,2019-06-21,80.7,214.8
1634,2019-06-22,76.52,196.74
1635,2019-06-23,66.5,181.62
1636,2019-06-24,76.27,184.91
1637,2019-06-25,80.63,170.25
1638,2019-06-26,80.87,157.31
1639,2019-06-27,80.91,151.08
1640,2019-06-28,80.77,154.48
1641,2019-06-29,78.76,153.88
1642,2019-06-30,72.68,152.35
1643,2019-07-01,80.29,160.04
1644,2019-07-02,80.34,157.4
1645,2019-07-03,79.77,155.5
1646,2019-07-04,79.38,164.76
1647,2019-07-05,79.5,157.6
1648,2019-07-06,76.82,160.09
1649,2019-07-07,71.58,159.54
1650,2019-07-08,78.75,187.12
1651,2019-07-09,80.7,156.87
1652,2019-07-10,79.22,157.51
1653,2019-07-11,80.25,155.71
1654,2019-07-12,80.48,158.54
1655,2019-07-13,77.51,156.47
1656,2019-07-14,71.17,158.25
1657,2019-07-15,77.87,157.7
1658,2019-07-16,78.8,155.77
1659,2019-07-17,78.89,159.14
1660,2019-07-18,79.71,175.32
1661,2019-07-19,80.46,172.2
1662,2019-07-20,77.97,160.55
1663,2019-07-21,72.47,160.63
1664,2019-07-22,79.51,174.43
1665,2019-07-23,80.96,167.3
1666,2019-07-24,81.21,168.8
1667,2019-07-25,81.88,188.49
1668,2019-07-26,81.82,184.8
1669,2019-07-27,78.05,153.05
1670,2019-07-28,74.72,156.41
1671,2019-07-29,79.73,157.88
1672,2019-07-30,80.42,160.05
1673,2019-07-31,80.44,163.09
1674,2019-08-01,84.03,164.78
1675,2019-08-02,82.5,163.05
1676,2019-08-03,81.74,162.28
1677,2019-08-04,80.08,160.94
1678,2019-08-05,83.51,173.78
1679,2019-08-06,86.12,177.38
1680,2019-08-07,85.52,181.13
1681,2019-08-08,85.54,181.09
1682,2019-08-09,84.98,179.34
1683,2019-08-10,82.61,171.37
1684,2019-08-11,79.43,160.17
1685,2019-08-12,84.48,174.33
1686,2019-08-13,86.67,174.1
1687,2019-08-14,87.31,164.25
1688,2019-08-15,85.89,171.91
1689,2019-08-16,86.89,163.58
1690,2019-08-17,83.96,162.44
1691,2019-08-18,80.39,159.75
1692,2019-08-19,85.27,164.33
1693,2019-08-20,87.6,161.4
1694,2019-08-21,87.35,164.1
1695,2019-08-22,86.48,162.48
1696,2019-08-23,85.11,161.02
1697,2019-08-24,80.22,161.28
1698,2019-08-25,75.53,160.93
1699,2019-08-26,82.77,162.1
1700,2019-08-27,84.77,161.24
1701,2019-08-28,84.81,161.82
1702,2019-08-29,84.31,163.09
1703,2019-08-30,82.44,165.24
1704,2019-08-31,77.9,161.38
1705,2019-09-01,69.17,168.05
1706,2019-09-02,77.04,169.32
1707,2019-09-03,80.03,169.06
1708,2019-09-04,81.11,180.7
1709,2019-09-05,81.19,181.7
1710,2019-09-06,81.69,173.46
1711,2019-09-07,78.71,166.85
1712,2019-09-08,72.68,167.43
1713,2019-09-09,79.53,167.3
1714,2019-09-10,83.59,166.34
1715,2019-09-11,81.75,164.68
1716,2019-09-12,72.48,165.9
1717,2019-09-13,67.32,163.48
1718,2019-09-14,68.7,168.55
1719,2019-09-15,71.1,166.6
1720,2019-09-16,78.81,168.8
1721,2019-09-17,82.0,167.1
1722,2019-09-18,81.87,167.77
1723,2019-09-19,80.11,167.11
1724,2019-09-20,80.22,167.03
1725,2019-09-21,79.67,158.94
1726,2019-09-22,76.81,164.08
1727,2019-09-23,80.75,168.43
1728,2019-09-24,80.29,167.83
1729,2019-09-25,81.14,166.66
1730,2019-09-26,81.36,167.82
1731,2019-09-27,82.24,161.72
1732,2019-09-28,80.08,167.86
1733,2019-09-29,77.54,161.98
1734,2019-09-30,81.34,167.6
1735,2019-10-01,93.23,170.75
1736,2019-10-02,92.86,168.01
1737,2019-10-03,92.65,166.95
1738,2019-10-04,90.1,168.94
1739,2019-10-05,89.7,169.4
1740,2019-10-06,73.39,170.99
1741,2019-10-07,90.04,164.39
1742,2019-10-08,94.18,170.77
1743,2019-10-09,89.3,168.72
1744,2019-10-10,87.78,166.69
1745,2019-10-11,88.67,158.37
1746,2019-10-12,88.17,172.52
1747,2019-10-13,71.71,166.51
1748,2019-10-14,85.06,161.0
1749,2019-10-15,90.29,166.74
1750,2019-10-16,91.0,166.46
1751,2019-10-17,91.06,163.73
1752,2019-10-18,90.36,162.1
1753,2019-10-19,80.75,146.69
1754,2019-10-20,65.62,161.69
1755,2019-10-21,85.01,158.68
1756,2019-10-22,89.57,162.16
1757,2019-10-23,89.54,150.39
1758,2019-10-24,90.39,154.91
1759,2019-10-25,90.94,160.69
1760,2019-10-26,86.88,140.82
1761,2019-10-27,70.33,148.24
1762,2019-10-28,85.96,157.74
1763,2019-10-29,89.71,165.8
1764,2019-10-30,91.71,145.03
1765,2019-10-31,92.04,155.29
1766,2019-11-01,81.36,154.36
1767,2019-11-02,76.85,150.42
1768,2019-11-03,68.37,132.54
1769,2019-11-04,79.92,154.57
1770,2019-11-05,81.97,162.17
1771,2019-11-06,82.06,166.34
1772,2019-11-07,81.84,167.18
1773,2019-11-08,82.44,164.59
1774,2019-11-09,79.81,158.2
1775,2019-11-10,75.06,153.95
1776,2019-11-11,79.71,162.04
1777,2019-11-12,81.78,157.91
1778,2019-11-13,82.01,132.13
1779,2019-11-14,82.73,139.1
1780,2019-11-15,82.57,163.85
1781,2019-11-16,79.57,165.92
1782,2019-11-17,75.5,162.87
1783,2019-11-18,81.49,165.05
1784,2019-11-19,82.94,161.75
1785,2019-11-20,83.94,162.0
1786,2019-11-21,83.8,149.04
1787,2019-11-22,83.13,153.25
1788,2019-11-23,81.96,136.62
1789,2019-11-24,79.41,130.44
1790,2019-11-25,81.49,163.62
1791,2019-11-26,83.98,160.66
1792,2019-11-27,84.25,150.38
1793,2019-11-28,83.71,137.97
1794,2019-11-29,83.09,142.01
1795,2019-11-30,80.01,137.03
1796,2019-12-01,81.41,169.78
1797,2019-12-02,84.14,145.26
1798,2019-12-03,84.34,139.33
1799,2019-12-04,84.9,137.73
1800,2019-12-05,84.85,147.1
1801,2019-12-06,84.73,164.24
1802,2019-12-07,82.39,160.68
1803,2019-12-08,80.83,151.54
1804,2019-12-09,84.62,153.32
1805,2019-12-10,85.04,145.43
1806,2019-12-11,85.46,148.62
1807,2019-12-12,84.86,141.82
1808,2019-12-13,84.57,122.79
1809,2019-12-14,82.11,107.72
1810,2019-12-15,80.5,109.63
1811,2019-12-16,85.48,124.52
1812,2019-12-17,84.91,107.8
1813,2019-12-18,84.95,113.87
1814,2019-12-19,84.64,115.52
1815,2019-12-20,84.86,113.8
1816,2019-12-21,82.37,104.44
1817,2019-12-22,80.76,99.62
1818,2019-12-23,84.16,99.13
1819,2019-12-24,84.56,130.21
1820,2019-12-25,81.53,91.86
1821,2019-12-26,84.7,98.85
1822,2019-12-27,84.66,138.92
1823,2019-12-28,81.98,131.05
1824,2019-12-29,80.63,121.39
1825,2019-12-30,84.46,111.14
1826,2019-12-31,82.86,121.19
1827,2020-01-01,81.46,107.36
1828,2020-01-02,85.51,120.82
1829,2020-01-03,85.63,115.41
1830,2020-01-04,83.26,111.94
1831,2020-01-05,81.95,115.54
1832,2020-01-06,85.24,114.33
1833,2020-01-07,85.88,88.47
1834,2020-01-08,86.24,88.71
1835,2020-01-09,86.1,109.34
1836,2020-01-10,85.72,113.74
1837,2020-01-11,83.39,109.24
1838,2020-01-12,82.42,95.92
1839,2020-01-13,85.7,131.02
1840,2020-01-14,86.48,107.74
1841,2020-01-15,86.21,114.96
1842,2020-01-16,86.62,123.36
1843,2020-01-17,86.41,106.64
1844,2020-01-18,83.82,106.0
1845,2020-01-19,82.35,106.77
1846,2020-01-20,85.82,112.4
1847,2020-01-21,86.01,123.61
1848,2020-01-22,85.72,126.0
1849,2020-01-23,84.65,111.6
1850,2020-01-24,78.66,95.86
1851,2020-01-25,73.55,99.77
1852,2020-01-26,76.6,88.38
1853,2020-01-27,80.42,94.07
1854,2020-01-28,84.06,103.05
1855,2020-01-29,85.85,109.21
1856,2020-01-30,85.85,112.85
1857,2020-01-31,85.11,117.22
1858,2020-02-01,80.38,145.08
1859,2020-02-02,79.13,105.99
1860,2020-02-03,82.29,116.21
1861,2020-02-04,83.16,121.4
1862,2020-02-05,83.28,114.89
1863,2020-02-06,83.43,120.97
1864,2020-02-07,82.78,123.62
1865,2020-02-08,80.99,93.72
1866,2020-02-09,80.0,93.66
1867,2020-02-10,82.95,113.48
1868,2020-02-11,82.39,121.86
1869,2020-02-12,83.06,109.97
1870,2020-02-13,82.6,111.64
1871,2020-02-14,81.96,103.99
1872,2020-02-15,79.39,97.63
1873,2020-02-16,78.41,85.7
1874,2020-02-17,82.13,85.15
1875,2020-02-18,82.2,115.3
1876,2020-02-19,81.98,127.68
1877,2020-02-20,82.12,116.47
1878,2020-02-21,81.96,137.03
1879,2020-02-22,80.38,93.11
1880,2020-02-23,77.96,120.64
1881,2020-02-24,81.82,88.62
1882,2020-02-25,82.46,88.74
1883,2020-02-26,81.49,99.48
1884,2020-02-27,82.21,103.72
1885,2020-02-28,81.74,124.59
1886,2020-02-29,78.83,114.51
1887,2020-03-01,79.01,95.31
1888,2020-03-02,83.36,94.48
1889,2020-03-03,83.57,106.85
1890,2020-03-04,83.92,87.07
1891,2020-03-05,85.17,102.69
1892,2020-03-06,84.08,113.25
1893,2020-03-07,81.91,104.61
1894,2020-03-08,81.45,90.18
1895,2020-03-09,83.43,93.23
1896,2020-03-10,84.14,87.07
1897,2020-03-11,84.4,102.5
1898,2020-03-12,83.95,114.02
1899,2020-03-13,84.47,97.6
1900,2020-03-14,82.54,93.38
1901,2020-03-15,80.81,90.06
1902,2020-03-16,83.41,129.39
1903,2020-03-17,83.16,122.75
1904,2020-03-18,82.68,127.3
1905,2020-03-19,83.79,98.71
1906,2020-03-20,83.8,115.6
1907,2020-03-21,81.69,113.12
1908,2020-03-22,81.15,121.06
1909,2020-03-23,83.65,127.58
1910,2020-03-24,83.66,130.02
1911,2020-03-25,82.8,115.76
1912,2020-03-26,83.63,112.05
1913,2020-03-27,84.08,95.49
1914,2020-03-28,81.63,126.56
1915,2020-03-29,80.3,133.76
1916,2020-03-30,82.92,149.84
1917,2020-03-31,83.41,129.67
1918,2020-04-01,78.26,103.77
1919,2020-04-02,78.54,124.76
1920,2020-04-03,78.31,117.84
1921,2020-04-04,67.27,98.3
1922,2020-04-05,64.13,83.48
1923,2020-04-06,76.6,124.51
1924,2020-04-07,78.33,125.01
1925,2020-04-08,78.63,125.72
1926,2020-04-09,78.62,131.84
1927,2020-04-10,78.1,132.1
1928,2020-04-11,72.62,146.26
1929,2020-04-12,63.37,108.81
1930,2020-04-13,77.51,106.6
1931,2020-04-14,79.23,131.06
1932,2020-04-15,78.76,146.15
1933,2020-04-16,79.25,106.1
1934,2020-04-17,81.15,101.41
1935,2020-04-18,78.01,125.79
1936,2020-04-19,66.44,137.23
1937,2020-04-20,77.89,124.68
1938,2020-04-21,79.5,95.35
1939,2020-04-22,79.4,140.42
1940,2020-04-23,78.78,152.09
1941,2020-04-24,77.34,171.41
1942,2020-04-25,61.71,142.22
1943,2020-04-26,58.44,184.07
1944,2020-04-27,73.15,183.84
1945,2020-04-28,73.61,187.98
1946,2020-04-29,70.59,143.61
1947,2020-04-30,69.85,83.45
1948,2020-05-01,64.79,90.9
1949,2020-05-02,61.14,87.19
1950,2020-05-03,63.38,122.29
1951,2020-05-04,72.19,105.27
1952,2020-05-05,66.94,124.66
1953,2020-05-06,73.09,149.9
1954,2020-05-07,78.25,123.61
1955,2020-05-08,79.01,102.19
1956,2020-05-09,71.89,86.75
1957,2020-05-10,64.09,92.97
1958,2020-05-11,80.44,131.47
1959,2020-05-12,77.97,103.17
1960,2020-05-13,76.95,111.68
1961,2020-05-14,76.31,100.46
1962,2020-05-15,74.64,102.38
1963,2020-05-16,59.53,121.19
1964,2020-05-17,59.34,116.82
1965,2020-05-18,75.31,98.98
1966,2020-05-19,77.24,89.83
1967,2020-05-20,78.03,108.52
1968,2020-05-21,76.23,112.59
1969,2020-05-22,72.42,112.51
1970,2020-05-23,58.76,103.0
1971,2020-05-24,60.44,102.89
1972,2020-05-25,67.76,159.04
1973,2020-05-26,68.69,138.9
1974,2020-05-27,71.74,118.12
1975,2020-05-28,70.83,116.45
1976,2020-05-29,70.59,131.17
1977,2020-05-30,61.68,112.72
1978,2020-05-31,61.35,136.45
1979,2020-06-01,69.77,118.87
1980,2020-06-02,65.67,101.65
1981,2020-06-03,70.39,119.92
1982,2020-06-04,70.71,122.33
1983,2020-06-05,71.44,119.01
1984,2020-06-06,60.3,131.86
1985,2020-06-07,62.22,111.79
1986,2020-06-08,71.39,100.56
1987,2020-06-09,73.63,106.17
1988,2020-06-10,75.7,111.2
1989,2020-06-11,75.17,116.89
1990,2020-06-12,76.46,124.06
1991,2020-06-13,64.63,88.35
1992,2020-06-14,63.18,87.64
1993,2020-06-15,74.79,92.96
1994,2020-06-16,74.76,123.19
1995,2020-06-17,74.18,135.91
1996,2020-06-18,72.76,115.46
1997,2020-06-19,73.85,92.18
1998,2020-06-20,62.98,89.28
1999,2020-06-21,61.59,80.93
2000,2020-06-22,73.13,91.69
2001,2020-06-23,72.97,91.38
2002,2020-06-24,73.9,90.57
2003,2020-06-25,74.65,91.86
2004,2020-06-26,74.27,93.14
2005,2020-06-27,63.39,97.04
2006,2020-06-28,62.01,96.57
2007,2020-06-29,73.73,93.34
2008,2020-06-30,72.6,81.29
2009,2020-07-01,72.56,100.59
2010,2020-07-02,72.89,95.62
2011,2020-07-03,73.24,95.69
2012,2020-07-04,60.66,90.71
2013,2020-07-05,59.51,87.19
2014,2020-07-06,71.64,108.58
2015,2020-07-07,72.33,98.14
2016,2020-07-08,73.06,100.49
2017,2020-07-09,72.97,106.23
2018,2020-07-10,72.97,96.53
2019,2020-07-11,62.29,96.2
2020,2020-07-12,61.87,86.74
2021,2020-07-13,71.66,88.13
2022,2020-07-14,70.71,83.87
2023,2020-07-15,71.38,93.77
2024,2020-07-16,71.83,93.46
2025,2020-07-17,72.65,93.14
2026,2020-07-18,64.49,96.89
2027,2020-07-19,61.29,85.72
2028,2020-07-20,74.46,90.25
2029,2020-07-21,74.03,96.05
2030,2020-07-22,74.94,96.61
2031,2020-07-23,75.44,90.76
2032,2020-07-24,76.08,93.66
2033,2020-07-25,67.94,84.78
2034,2020-07-26,61.95,92.07
2035,2020-07-27,74.25,96.07
2036,2020-07-28,74.72,105.56
2037,2020-07-29,75.22,120.71
2038,2020-07-30,75.07,119.87
2039,2020-07-31,74.97,129.78
2040,2020-08-01,57.01,89.85
2041,2020-08-02,57.12,78.16
2042,2020-08-03,58.15,72.6
2043,2020-08-04,59.7,88.28
2044,2020-08-05,60.65,72.33
2045,2020-08-06,61.78,101.34
2046,2020-08-07,61.73,96.24
2047,2020-08-08,57.66,83.73
2048,2020-08-09,58.07,75.83
2049,2020-08-10,62.62,132.49
2050,2020-08-11,63.44,118.6
2051,2020-08-12,62.21,147.15
2052,2020-08-13,63.05,128.67
2053,2020-08-14,65.21,125.73
2054,2020-08-15,61.09,118.7
2055,2020-08-16,58.8,115.65
2056,2020-08-17,62.81,146.2
2057,2020-08-18,65.34,157.49
2058,2020-08-19,65.07,132.1
2059,2020-08-20,65.6,132.18
2060,2020-08-21,64.85,157.74
2061,2020-08-22,61.56,175.48
2062,2020-08-23,58.58,156.56
2063,2020-08-24,64.09,133.79
2064,2020-08-25,65.5,119.19
2065,2020-08-26,65.97,77.41
2066,2020-08-27,65.75,117.58
2067,2020-08-28,65.94,124.02
2068,2020-08-29,61.65,137.16
2069,2020-08-30,58.45,133.43
2070,2020-08-31,63.98,141.98
2071,2020-09-01,57.6,146.33
2072,2020-09-02,57.09,102.28
2073,2020-09-03,56.12,109.31
2074,2020-09-04,57.6,125.57
2075,2020-09-05,55.16,127.62
2076,2020-09-06,53.85,81.88
2077,2020-09-07,57.01,85.71
2078,2020-09-08,56.32,125.68
2079,2020-09-09,55.51,109.27
2080,2020-09-10,56.33,124.55
2081,2020-09-11,55.95,128.38
2082,2020-09-12,54.81,122.13
2083,2020-09-13,52.86,106.29
2084,2020-09-14,56.23,125.75
2085,2020-09-15,55.97,145.29
2086,2020-09-16,55.96,159.45
2087,2020-09-17,55.99,155.88
2088,2020-09-18,56.06,144.01
2089,2020-09-19,54.49,126.47
2090,2020-09-20,52.51,78.94
2091,2020-09-21,56.48,81.51
2092,2020-09-22,55.66,62.25
2093,2020-09-23,55.61,62.26
2094,2020-09-24,56.0,68.88
2095,2020-09-25,56.25,60.83
2096,2020-09-26,53.32,62.9
2097,2020-09-27,51.89,60.28
2098,2020-09-28,54.71,66.4
2099,2020-09-29,54.19,62.75
2100,2020-09-30,50.9,63.83
2101,2020-10-01,48.52,61.89
2102,2020-10-02,48.94,62.06
2103,2020-10-03,49.02,55.22
2104,2020-10-04,49.27,55.46
2105,2020-10-05,51.91,56.23
2106,2020-10-06,51.59,54.24
2107,2020-10-07,50.91,54.45
2108,2020-10-08,51.17,54.12
2109,2020-10-09,50.2,54.95
2110,2020-10-10,49.09,56.26
2111,2020-10-11,48.68,63.43
2112,2020-10-12,50.25,56.18
2113,2020-10-13,50.14,53.94
2114,2020-10-14,50.33,54.22
2115,2020-10-15,50.25,61.15
2116,2020-10-16,50.63,54.82
2117,2020-10-17,49.26,55.67
2118,2020-10-18,49.05,55.87
2119,2020-10-19,50.19,55.71
2120,2020-10-20,50.29,54.79
2121,2020-10-21,50.52,63.82
2122,2020-10-22,50.76,55.26
2123,2020-10-23,53.2,55.45
2124,2020-10-24,49.14,56.76
2125,2020-10-25,49.37,88.86
2126,2020-10-26,50.33,143.22
2127,2020-10-27,50.66,147.13
2128,2020-10-28,50.9,134.03
2129,2020-10-29,50.3,58.23
2130,2020-10-30,50.69,54.21
2131,2020-10-31,49.21,56.14
2132,2020-11-01,48.16,56.23
2133,2020-11-02,49.99,54.41
2134,2020-11-03,49.78,53.44
2135,2020-11-04,49.73,55.46
2136,2020-11-05,50.25,56.96
2137,2020-11-06,50.1,56.96
2138,2020-11-07,48.12,55.09
2139,2020-11-08,47.92,54.63
2140,2020-11-09,49.77,54.85
2141,2020-11-10,50.01,54.83
2142,2020-11-11,49.91,56.93
2143,2020-11-12,49.8,59.58
2144,2020-11-13,50.32,55.32
2145,2020-11-14,48.45,55.0
2146,2020-11-15,48.53,90.41
2147,2020-11-16,49.66,114.89
2148,2020-11-17,50.15,84.51
2149,2020-11-18,49.96,54.47
2150,2020-11-19,50.26,57.17
2151,2020-11-20,49.99,66.72
2152,2020-11-21,48.59,102.93
2153,2020-11-22,48.64,89.44
2154,2020-11-23,50.48,66.94
2155,2020-11-24,50.46,108.93
2156,2020-11-25,50.5,59.78
2157,2020-11-26,50.39,61.54
2158,2020-11-27,50.11,54.07
2159,2020-11-28,48.67,54.12
2160,2020-11-29,48.43,53.18
2161,2020-11-30,50.58,59.09
2162,2020-12-01,67.74,87.66
2163,2020-12-02,67.6,74.32
2164,2020-12-03,68.06,77.74
2165,2020-12-04,68.74,75.85
2166,2020-12-05,65.21,78.3
2167,2020-12-06,63.56,78.83
2168,2020-12-07,67.84,78.46
2169,2020-12-08,67.17,77.56
2170,2020-12-09,68.3,85.82
2171,2020-12-10,67.52,81.13
2172,2020-12-11,67.86,81.57
2173,2020-12-12,64.44,74.8
2174,2020-12-13,64.97,70.55
2175,2020-12-14,67.46,80.14
2176,2020-12-15,67.92,107.06
2177,2020-12-16,68.18,108.0
2178,2020-12-17,68.15,88.6
2179,2020-12-18,68.58,81.11
2180,2020-12-19,66.13,76.33
2181,2020-12-20,64.32,84.92
2182,2020-12-21,67.9,90.6
2183,2020-12-22,67.79,87.38
2184,2020-12-23,67.44,92.78
2185,2020-12-24,68.03,74.0
2186,2020-12-25,65.11,80.81
2187,2020-12-26,64.31,77.59
2188,2020-12-27,64.76,74.01
2189,2020-12-28,67.46,76.83
2190,2020-12-29,67.27,74.96
2191,2020-12-30,66.78,69.73
2192,2020-12-31,66.73,76.42
2193,2021-01-01,67.03,73.98
2194,2021-01-02,67.77,86.58
2195,2021-01-03,67.25,110.85
2196,2021-01-04,70.34,90.73
2197,2021-01-05,71.9,81.97
2198,2021-01-06,72.07,82.06
2199,2021-01-07,72.69,80.82
2200,2021-01-08,72.6,83.36
2201,2021-01-09,71.22,81.2
2202,2021-01-10,68.47,94.53
2203,2021-01-11,72.86,100.18
2204,2021-01-12,74.29,91.47
2205,2021-01-13,73.15,82.18
2206,2021-01-14,72.11,90.6
2207,2021-01-15,70.44,79.14
2208,2021-01-16,68.36,78.92
2209,2021-01-17,68.48,99.44
2210,2021-01-18,70.73,84.95
2211,2021-01-19,71.84,124.09
2212,2021-01-20,71.73,100.86
2213,2021-01-21,71.26,104.17
2214,2021-01-22,70.99,83.5
2215,2021-01-23,68.55,76.33
2216,2021-01-24,66.84,75.23
2217,2021-01-25,69.49,76.05
2218,2021-01-26,69.82,75.26
2219,2021-01-27,70.65,82.68
2220,2021-01-28,70.3,74.59
2221,2021-01-29,71.62,96.22
2222,2021-01-30,68.49,89.66
2223,2021-01-31,65.44,80.15
2224,2021-02-01,74.89,88.15
2225,2021-02-02,76.16,100.37
2226,2021-02-03,77.07,105.15
2227,2021-02-04,76.7,101.8
2228,2021-02-05,76.16,106.67
2229,2021-02-06,73.69,87.93
2230,2021-02-07,72.02,85.32
2231,2021-02-08,77.86,96.06
2232,2021-02-09,77.85,106.34
2233,2021-02-10,75.35,109.14
2234,2021-02-11,71.08,96.86
2235,2021-02-12,64.78,89.8
2236,2021-02-13,70.62,96.22
2237,2021-02-14,70.99,88.73
2238,2021-02-15,75.79,80.5
2239,2021-02-16,77.94,85.91
2240,2021-02-17,78.26,81.02
2241,2021-02-18,79.11,88.6
2242,2021-02-19,78.02,90.14
2243,2021-02-20,75.19,80.91
2244,2021-02-21,72.62,78.27
2245,2021-02-22,77.54,80.67
2246,2021-02-23,76.04,93.46
2247,2021-02-24,76.17,97.79
2248,2021-02-25,75.53,84.52
2249,2021-02-26,76.17,81.07
2250,2021-02-27,73.13,108.93
2251,2021-02-28,70.72,105.59
2252,2021-03-01,80.99,106.59
2253,2021-03-02,83.61,104.82
2254,2021-03-03,84.68,141.03
2255,2021-03-04,84.98,163.28
2256,2021-03-05,84.16,152.11
2257,2021-03-06,83.32,168.24
2258,2021-03-07,81.38,169.83
2259,2021-03-08,84.96,175.48
2260,2021-03-09,84.02,171.86
2261,2021-03-10,84.19,151.33
2262,2021-03-11,84.21,166.74
2263,2021-03-12,84.39,151.92
2264,2021-03-13,83.36,142.92
2265,2021-03-14,81.72,101.45
2266,2021-03-15,84.39,91.45
2267,2021-03-16,83.94,97.15
2268,2021-03-17,84.0,107.74
2269,2021-03-18,84.06,104.74
2270,2021-03-19,83.7,107.14
2271,2021-03-20,83.62,88.79
2272,2021-03-21,81.61,85.98
2273,2021-03-22,83.94,89.39
2274,2021-03-23,84.31,109.13
2275,2021-03-24,84.73,106.79
2276,2021-03-25,84.26,130.96
2277,2021-03-26,84.09,136.39
2278,2021-03-27,83.74,94.34
2279,2021-03-28,81.7,91.89
2280,2021-03-29,84.61,120.38
2281,2021-03-30,84.79,111.95
2282,2021-03-31,84.11,102.52
2283,2021-04-01,75.58,121.47
2284,2021-04-02,75.91,82.96
2285,2021-04-03,74.04,98.88
2286,2021-04-04,72.97,91.76
2287,2021-04-05,77.63,107.12
2288,2021-04-06,77.42,83.79
2289,2021-04-07,77.53,91.48
2290,2021-04-08,77.91,117.64
2291,2021-04-09,76.79,133.24
2292,2021-04-10,74.97,130.73
2293,2021-04-11,73.8,130.0
2294,2021-04-12,77.19,79.16
2295,2021-04-13,76.96,123.88
2296,2021-04-14,76.77,125.85
2297,2021-04-15,76.97,133.2
2298,2021-04-16,76.9,108.16
2299,2021-04-17,74.34,81.6
2300,2021-04-18,72.93,99.15
2301,2021-04-19,75.35,139.13
2302,2021-04-20,76.13,138.89
2303,2021-04-21,76.41,140.84
2304,2021-04-22,76.13,140.74
2305,2021-04-23,75.68,136.08
2306,2021-04-24,74.76,103.37
2307,2021-04-25,72.96,95.95
2308,2021-04-26,77.09,94.62
2309,2021-04-27,76.94,86.59
2310,2021-04-28,76.41,116.32
2311,2021-04-29,76.02,99.7
2312,2021-04-30,76.42,90.35
2313,2021-05-01,79.06,84.31
2314,2021-05-02,77.77,97.1
2315,2021-05-03,80.56,95.17
2316,2021-05-04,81.75,85.31
2317,2021-05-05,78.14,89.33
2318,2021-05-06,80.33,90.82
2319,2021-05-07,80.13,118.75
2320,2021-05-08,77.21,102.11
2321,2021-05-09,73.0,109.65
2322,2021-05-10,81.08,107.01
2323,2021-05-11,80.13,107.82
2324,2021-05-12,79.96,91.89
2325,2021-05-13,80.34,100.68
2326,2021-05-14,79.86,94.91
2327,2021-05-15,79.33,93.69
2328,2021-05-16,72.3,91.41
2329,2021-05-17,76.77,92.34
2330,2021-05-18,79.78,94.07
2331,2021-05-19,78.3,92.33
2332,2021-05-20,79.1,88.89
2333,2021-05-21,80.18,86.18
2334,2021-05-22,78.48,89.42
2335,2021-05-23,78.45,91.69
2336,2021-05-24,81.21,95.09
2337,2021-05-25,80.94,88.33
2338,2021-05-26,80.68,88.98
2339,2021-05-27,80.57,93.01
2340,2021-05-28,80.77,98.76
2341,2021-05-29,76.08,102.79
2342,2021-05-30,70.28,89.96
2343,2021-05-31,79.67,106.02
2344,2021-06-01,84.05,137.01
2345,2021-06-02,83.81,105.31
2346,2021-06-03,84.46,110.12
2347,2021-06-04,83.39,116.96
2348,2021-06-05,80.66,96.23
2349,2021-06-06,73.79,93.24
2350,2021-06-07,83.96,95.96
2351,2021-06-08,82.67,97.49
2352,2021-06-09,82.18,96.73
2353,2021-06-10,83.27,106.57
2354,2021-06-11,82.84,161.3
2355,2021-06-12,79.04,162.57
2356,2021-06-13,71.42,154.46
2357,2021-06-14,80.88,132.75
2358,2021-06-15,84.38,92.3
2359,2021-06-16,85.04,123.27
2360,2021-06-17,85.05,146.89
2361,2021-06-18,84.19,155.86
